snapshot_date,career_id,evidence_level,keyword,geography,statistic,value_inr_per_year,method,includes_predicted_salaries,source_url,notes
2024-12-15,ai_ml_engineer,career,AI Engineer,India,median_annual_advertised_salary,NOT FOUND,histogram_median,NOT FOUND,https://api.adzuna.com/v1/api/jobs/in/histogram,NOT FOUND — raw Adzuna API salary response JSON payloads not available. Web scraping is strictly forbidden.
2024-12-15,software_developer,career,Software Developer,India,median_annual_advertised_salary,NOT FOUND,histogram_median,NOT FOUND,https://api.adzuna.com/v1/api/jobs/in/histogram,NOT FOUND — raw Adzuna API salary response JSON payloads not available. Web scraping is strictly forbidden.
2024-12-15,civil_engineer,career,Civil Engineer,India,median_annual_advertised_salary,NOT FOUND,histogram_median,NOT FOUND,https://api.adzuna.com/v1/api/jobs/in/histogram,NOT FOUND — raw Adzuna API salary response JSON payloads not available. Web scraping is strictly forbidden.
2024-12-15,doctor_mbbs,career,Doctor,India,median_annual_advertised_salary,NOT FOUND,histogram_median,NOT FOUND,https://api.adzuna.com/v1/api/jobs/in/histogram,NOT FOUND — raw Adzuna API salary response JSON payloads not available. Web scraping is strictly forbidden.
2024-12-15,data_scientist,career,Data Scientist,India,median_annual_advertised_salary,NOT FOUND,histogram_median,NOT FOUND,https://api.adzuna.com/v1/api/jobs/in/histogram,NOT FOUND — raw Adzuna API salary response JSON payloads not available. Web scraping is strictly forbidden.
2024-12-15,data_analyst,career,Data Analyst,India,median_annual_advertised_salary,NOT FOUND,histogram_median,NOT FOUND,https://api.adzuna.com/v1/api/jobs/in/histogram,NOT FOUND — raw Adzuna API salary response JSON payloads not available. Web scraping is strictly forbidden.
2024-12-15,mechanical_engineer,career,Mechanical Engineer,India,median_annual_advertised_salary,NOT FOUND,histogram_median,NOT FOUND,https://api.adzuna.com/v1/api/jobs/in/histogram,NOT FOUND — raw Adzuna API salary response JSON payloads not available. Web scraping is strictly forbidden.
2024-12-15,electrical_engineer,career,Electrical Engineer,India,median_annual_advertised_salary,NOT FOUND,histogram_median,NOT FOUND,https://api.adzuna.com/v1/api/jobs/in/histogram,NOT FOUND — raw Adzuna API salary response JSON payloads not available. Web scraping is strictly forbidden.
2024-12-15,electronics_engineer,career,Electronics Engineer,India,median_annual_advertised_salary,NOT FOUND,histogram_median,NOT FOUND,https://api.adzuna.com/v1/api/jobs/in/histogram,NOT FOUND — raw Adzuna API salary response JSON payloads not available. Web scraping is strictly forbidden.
2024-12-15,chemical_engineer,career,Chemical Engineer,India,median_annual_advertised_salary,NOT FOUND,histogram_median,NOT FOUND,https://api.adzuna.com/v1/api/jobs/in/histogram,NOT FOUND — raw Adzuna API salary response JSON payloads not available. Web scraping is strictly forbidden.
2024-12-15,aerospace_engineer,career,Aerospace Engineer,India,median_annual_advertised_salary,NOT FOUND,histogram_median,NOT FOUND,https://api.adzuna.com/v1/api/jobs/in/histogram,NOT FOUND — raw Adzuna API salary response JSON payloads not available. Web scraping is strictly forbidden.
2024-12-15,biomedical_engineer,career,Biomedical Engineer,India,median_annual_advertised_salary,NOT FOUND,histogram_median,NOT FOUND,https://api.adzuna.com/v1/api/jobs/in/histogram,NOT FOUND — raw Adzuna API salary response JSON payloads not available. Web scraping is strictly forbidden.
2024-12-15,cybersecurity_analyst,career,Cybersecurity Analyst,India,median_annual_advertised_salary,NOT FOUND,histogram_median,NOT FOUND,https://api.adzuna.com/v1/api/jobs/in/histogram,NOT FOUND — raw Adzuna API salary response JSON payloads not available. Web scraping is strictly forbidden.
2024-12-15,cloud_solutions_architect,career,Cloud Solutions Architect,India,median_annual_advertised_salary,NOT FOUND,histogram_median,NOT FOUND,https://api.adzuna.com/v1/api/jobs/in/histogram,NOT FOUND — raw Adzuna API salary response JSON payloads not available. Web scraping is strictly forbidden.
2024-12-15,devops_engineer,career,DevOps Engineer,India,median_annual_advertised_salary,NOT FOUND,histogram_median,NOT FOUND,https://api.adzuna.com/v1/api/jobs/in/histogram,NOT FOUND — raw Adzuna API salary response JSON payloads not available. Web scraping is strictly forbidden.
2024-12-15,product_manager,career,Product Manager,India,median_annual_advertised_salary,NOT FOUND,histogram_median,NOT FOUND,https://api.adzuna.com/v1/api/jobs/in/histogram,NOT FOUND — raw Adzuna API salary response JSON payloads not available. Web scraping is strictly forbidden.
2024-12-15,investment_banker,career,Investment Banker,India,median_annual_advertised_salary,NOT FOUND,histogram_median,NOT FOUND,https://api.adzuna.com/v1/api/jobs/in/histogram,NOT FOUND — raw Adzuna API salary response JSON payloads not available. Web scraping is strictly forbidden.
2024-12-15,chartered_accountant,career,Chartered Accountant,India,median_annual_advertised_salary,NOT FOUND,histogram_median,NOT FOUND,https://api.adzuna.com/v1/api/jobs/in/histogram,NOT FOUND — raw Adzuna API salary response JSON payloads not available. Web scraping is strictly forbidden.
2024-12-15,financial_analyst,career,Financial Analyst,India,median_annual_advertised_salary,NOT FOUND,histogram_median,NOT FOUND,https://api.adzuna.com/v1/api/jobs/in/histogram,NOT FOUND — raw Adzuna API salary response JSON payloads not available. Web scraping is strictly forbidden.
2024-12-15,management_consultant,career,Management Consultant,India,median_annual_advertised_salary,NOT FOUND,histogram_median,NOT FOUND,https://api.adzuna.com/v1/api/jobs/in/histogram,NOT FOUND — raw Adzuna API salary response JSON payloads not available. Web scraping is strictly forbidden.
2024-12-15,human_resources_specialist,career,HR Generalist,India,median_annual_advertised_salary,NOT FOUND,histogram_median,NOT FOUND,https://api.adzuna.com/v1/api/jobs/in/histogram,NOT FOUND — raw Adzuna API salary response JSON payloads not available. Web scraping is strictly forbidden.
2024-12-15,marketing_manager,career,Marketing Manager,India,median_annual_advertised_salary,NOT FOUND,histogram_median,NOT FOUND,https://api.adzuna.com/v1/api/jobs/in/histogram,NOT FOUND — raw Adzuna API salary response JSON payloads not available. Web scraping is strictly forbidden.
2024-12-15,digital_marketing_specialist,career,Digital Marketing Specialist,India,median_annual_advertised_salary,NOT FOUND,histogram_median,NOT FOUND,https://api.adzuna.com/v1/api/jobs/in/histogram,NOT FOUND — raw Adzuna API salary response JSON payloads not available. Web scraping is strictly forbidden.
2024-12-15,operations_manager,career,Operations Manager,India,median_annual_advertised_salary,NOT FOUND,histogram_median,NOT FOUND,https://api.adzuna.com/v1/api/jobs/in/histogram,NOT FOUND — raw Adzuna API salary response JSON payloads not available. Web scraping is strictly forbidden.
2024-12-15,commercial_pilot,career,Commercial Pilot,India,median_annual_advertised_salary,NOT FOUND,histogram_median,NOT FOUND,https://api.adzuna.com/v1/api/jobs/in/histogram,NOT FOUND — raw Adzuna API salary response JSON payloads not available. Web scraping is strictly forbidden.
2024-12-15,lawyer_corporate,career,Corporate Lawyer,India,median_annual_advertised_salary,NOT FOUND,histogram_median,NOT FOUND,https://api.adzuna.com/v1/api/jobs/in/histogram,NOT FOUND — raw Adzuna API salary response JSON payloads not available. Web scraping is strictly forbidden.
2024-12-15,pharmacist,career,Pharmacist,India,median_annual_advertised_salary,NOT FOUND,histogram_median,NOT FOUND,https://api.adzuna.com/v1/api/jobs/in/histogram,NOT FOUND — raw Adzuna API salary response JSON payloads not available. Web scraping is strictly forbidden.
2024-12-15,biotechnologist,career,Biotechnologist,India,median_annual_advertised_salary,NOT FOUND,histogram_median,NOT FOUND,https://api.adzuna.com/v1/api/jobs/in/histogram,NOT FOUND — raw Adzuna API salary response JSON payloads not available. Web scraping is strictly forbidden.
2024-12-15,environmental_scientist,career,Environmental Scientist,India,median_annual_advertised_salary,NOT FOUND,histogram_median,NOT FOUND,https://api.adzuna.com/v1/api/jobs/in/histogram,NOT FOUND — raw Adzuna API salary response JSON payloads not available. Web scraping is strictly forbidden.
2024-12-15,nursing_officer,career,Staff Nurse,India,median_annual_advertised_salary,NOT FOUND,histogram_median,NOT FOUND,https://api.adzuna.com/v1/api/jobs/in/histogram,NOT FOUND — raw Adzuna API salary response JSON payloads not available. Web scraping is strictly forbidden.
2024-12-15,dentist_bds,career,Dentist,India,median_annual_advertised_salary,NOT FOUND,histogram_median,NOT FOUND,https://api.adzuna.com/v1/api/jobs/in/histogram,NOT FOUND — raw Adzuna API salary response JSON payloads not available. Web scraping is strictly forbidden.
2024-12-15,physiotherapist,career,Physiotherapist,India,median_annual_advertised_salary,NOT FOUND,histogram_median,NOT FOUND,https://api.adzuna.com/v1/api/jobs/in/histogram,NOT FOUND — raw Adzuna API salary response JSON payloads not available. Web scraping is strictly forbidden.
2024-12-15,ux_designer,career,UX Designer,India,median_annual_advertised_salary,NOT FOUND,histogram_median,NOT FOUND,https://api.adzuna.com/v1/api/jobs/in/histogram,NOT FOUND — raw Adzuna API salary response JSON payloads not available. Web scraping is strictly forbidden.
2024-12-15,architect,career,Architect,India,median_annual_advertised_salary,NOT FOUND,histogram_median,NOT FOUND,https://api.adzuna.com/v1/api/jobs/in/histogram,NOT FOUND — raw Adzuna API salary response JSON payloads not available. Web scraping is strictly forbidden.
2024-12-15,graphic_designer,career,Graphic Designer,India,median_annual_advertised_salary,NOT FOUND,histogram_median,NOT FOUND,https://api.adzuna.com/v1/api/jobs/in/histogram,NOT FOUND — raw Adzuna API salary response JSON payloads not available. Web scraping is strictly forbidden.
2024-12-15,animator_vfx_artist,career,Animator,India,median_annual_advertised_salary,NOT FOUND,histogram_median,NOT FOUND,https://api.adzuna.com/v1/api/jobs/in/histogram,NOT FOUND — raw Adzuna API salary response JSON payloads not available. Web scraping is strictly forbidden.
2024-12-15,game_developer,career,Game Developer,India,median_annual_advertised_salary,NOT FOUND,histogram_median,NOT FOUND,https://api.adzuna.com/v1/api/jobs/in/histogram,NOT FOUND — raw Adzuna API salary response JSON payloads not available. Web scraping is strictly forbidden.
2024-12-15,industrial_designer,career,Industrial Designer,India,median_annual_advertised_salary,NOT FOUND,histogram_median,NOT FOUND,https://api.adzuna.com/v1/api/jobs/in/histogram,NOT FOUND — raw Adzuna API salary response JSON payloads not available. Web scraping is strictly forbidden.
2024-12-15,video_editor,career,Video Editor,India,median_annual_advertised_salary,NOT FOUND,histogram_median,NOT FOUND,https://api.adzuna.com/v1/api/jobs/in/histogram,NOT FOUND — raw Adzuna API salary response JSON payloads not available. Web scraping is strictly forbidden.
2024-12-15,fashion_designer,career,Fashion Designer,India,median_annual_advertised_salary,NOT FOUND,histogram_median,NOT FOUND,https://api.adzuna.com/v1/api/jobs/in/histogram,NOT FOUND — raw Adzuna API salary response JSON payloads not available. Web scraping is strictly forbidden.
2024-12-15,fine_artist,career,Fine Artist,India,median_annual_advertised_salary,NOT FOUND,histogram_median,NOT FOUND,https://api.adzuna.com/v1/api/jobs/in/histogram,NOT FOUND — raw Adzuna API salary response JSON payloads not available. Web scraping is strictly forbidden.
2024-12-15,video_creator,career,Content Creator,India,median_annual_advertised_salary,NOT FOUND,histogram_median,NOT FOUND,https://api.adzuna.com/v1/api/jobs/in/histogram,NOT FOUND — raw Adzuna API salary response JSON payloads not available. Web scraping is strictly forbidden.
2024-12-15,streamer_esports_player,career,Esports Player,India,median_annual_advertised_salary,NOT FOUND,histogram_median,NOT FOUND,https://api.adzuna.com/v1/api/jobs/in/histogram,NOT FOUND — raw Adzuna API salary response JSON payloads not available. Web scraping is strictly forbidden.
2024-12-15,independent_musician,career,Music Producer,India,median_annual_advertised_salary,NOT FOUND,histogram_median,NOT FOUND,https://api.adzuna.com/v1/api/jobs/in/histogram,NOT FOUND — raw Adzuna API salary response JSON payloads not available. Web scraping is strictly forbidden.
2024-12-15,freelance_creative,career,Freelance Designer,India,median_annual_advertised_salary,NOT FOUND,histogram_median,NOT FOUND,https://api.adzuna.com/v1/api/jobs/in/histogram,NOT FOUND — raw Adzuna API salary response JSON payloads not available. Web scraping is strictly forbidden.
2024-12-15,historian,career,Historian,India,median_annual_advertised_salary,NOT FOUND,histogram_median,NOT FOUND,https://api.adzuna.com/v1/api/jobs/in/histogram,NOT FOUND — raw Adzuna API salary response JSON payloads not available. Web scraping is strictly forbidden.
2024-12-15,archaeologist,career,Archaeologist,India,median_annual_advertised_salary,NOT FOUND,histogram_median,NOT FOUND,https://api.adzuna.com/v1/api/jobs/in/histogram,NOT FOUND — raw Adzuna API salary response JSON payloads not available. Web scraping is strictly forbidden.
2024-12-15,geographer,career,Geographer,India,median_annual_advertised_salary,NOT FOUND,histogram_median,NOT FOUND,https://api.adzuna.com/v1/api/jobs/in/histogram,NOT FOUND — raw Adzuna API salary response JSON payloads not available. Web scraping is strictly forbidden.
2024-12-15,gis_analyst,career,GIS Analyst,India,median_annual_advertised_salary,NOT FOUND,histogram_median,NOT FOUND,https://api.adzuna.com/v1/api/jobs/in/histogram,NOT FOUND — raw Adzuna API salary response JSON payloads not available. Web scraping is strictly forbidden.
2024-12-15,linguist,career,Linguist,India,median_annual_advertised_salary,NOT FOUND,histogram_median,NOT FOUND,https://api.adzuna.com/v1/api/jobs/in/histogram,NOT FOUND — raw Adzuna API salary response JSON payloads not available. Web scraping is strictly forbidden.
2024-12-15,translator_interpreter,career,Translator,India,median_annual_advertised_salary,NOT FOUND,histogram_median,NOT FOUND,https://api.adzuna.com/v1/api/jobs/in/histogram,NOT FOUND — raw Adzuna API salary response JSON payloads not available. Web scraping is strictly forbidden.
2024-12-15,political_scientist,career,Political Scientist,India,median_annual_advertised_salary,NOT FOUND,histogram_median,NOT FOUND,https://api.adzuna.com/v1/api/jobs/in/histogram,NOT FOUND — raw Adzuna API salary response JSON payloads not available. Web scraping is strictly forbidden.
2024-12-15,international_relations_specialist,career,International Relations Specialist,India,median_annual_advertised_salary,NOT FOUND,histogram_median,NOT FOUND,https://api.adzuna.com/v1/api/jobs/in/histogram,NOT FOUND — raw Adzuna API salary response JSON payloads not available. Web scraping is strictly forbidden.
2024-12-15,economist,career,Economist,India,median_annual_advertised_salary,NOT FOUND,histogram_median,NOT FOUND,https://api.adzuna.com/v1/api/jobs/in/histogram,NOT FOUND — raw Adzuna API salary response JSON payloads not available. Web scraping is strictly forbidden.
2024-12-15,journalist,career,Journalist,India,median_annual_advertised_salary,NOT FOUND,histogram_median,NOT FOUND,https://api.adzuna.com/v1/api/jobs/in/histogram,NOT FOUND — raw Adzuna API salary response JSON payloads not available. Web scraping is strictly forbidden.
