career_id,evidence_level,career_name,career_type,domain,metric,value,unit,population,programme,reporting_year,source_name,source_url,page_or_section,retrieved_on,source_type,confidence,is_estimate,notes
architect,regulatory,Architect,B,architecture,registered_architects,150052,count,Nationwide registered architects under Architects Act 1972,All Registered Architects,2026,Council of Architecture (COA),https://www.coa.gov.in/,"Registration Statistics, Table 1",2026-10-07,official,high,no,"Source: https://www.coa.gov.in/; Section: Registration Statistics; As of October 1, 2026."
architect,education,Architect,B,architecture,graduate_median_salary,900000,INR/year,B.Arch 5-Year Graduating Cohort,UG [5 Years Program(s)] (B.Arch),2024,NIRF 2024 Architecture DCS IIT Roorkee,https://www.nirfindia.org/2024/Declaration/Agreement/DCS/IR-A-U-0500.pdf,"Placement & Higher Studies, Page 2",2026-10-07,self_reported,high,no,Source PDF: https://www.nirfindia.org/2024/Declaration/Agreement/DCS/IR-A-U-0500.pdf; Page: 2; Explicit median salary for B.Arch graduates.
architect,education,Architect,B,architecture,placement_rate,78.9,%,B.Arch Graduating Cohort IIT Roorkee,UG [5 Years Program(s)] (B.Arch),2024,NIRF 2024 Architecture DCS IIT Roorkee,https://www.nirfindia.org/2024/Declaration/Agreement/DCS/IR-A-U-0500.pdf,"Placement & Higher Studies, Page 2",2026-10-07,self_reported,high,yes,Source PDF: https://www.nirfindia.org/2024/Declaration/Agreement/DCS/IR-A-U-0500.pdf; Page: 2; Calculation: 30 placed / 38 graduating * 100 = 78.9%.
ux_designer,education,UX/UI Designer,B,design,lowest_package,400000,INR/year,Graduating Design Students (B.Des/M.Des),All Design Disciplines,2022,National Institute of Design (NID) Annual Report 2021-22,https://www.nid.edu/annual-reports/2021-22.pdf,"Industry Interface Section, Page 84",2026-10-07,official,high,no,Source PDF: https://www.nid.edu/annual-reports/2021-22.pdf; Page: 84; Explicitly reported lowest compensation offer of Rs 4 Lakhs p.a.
ux_designer,education,UX/UI Designer,B,design,median_ctc,NOT FOUND,INR/year,B.Des Graduates,B.Des,2024,National Institute of Design (NID),https://www.nid.edu/,Industry Interface / Placements,2026-10-07,official,medium,no,NOT FOUND — metric not explicitly reported in the specified source.
fashion_designer,industry,Fashion Designer,B,design,lowest_package,350000,INR/year,NIFT Campus Placements Cohort,B.Des (Fashion Design),2024,National Institute of Fashion Technology 39th Annual Report,https://www.nift.ac.in/annual-reports/report-39.pdf,"Campus Placement Chapter, Page 112",2026-10-07,official,high,no,Source PDF: https://www.nift.ac.in/annual-reports/report-39.pdf; Page: 112; Minimum package recorded across campus drives.
animator_vfx_artist,industry,Animator / VFX Artist,B,animation_vfx,market_growth,-9.0,%,Animation and VFX Industry Segment,AVGC Sector,2024,FICCI-EY Media & Entertainment Report 2024,https://www.ey.com/reports/ficci-ey-me-2024.pdf,"Animation and VFX Section, Page 142",2026-10-07,report,high,no,Source PDF: https://www.ey.com/reports/ficci-ey-me-2024.pdf; Page: 142; Animation & VFX sector contracted 9% YoY in 2024.
animator_vfx_artist,industry,Animator / VFX Artist,B,animation_vfx,job_demand,NOT FOUND,count,AVGC Professional Workforce,AVGC Sector,2024,FICCI-EY Media & Entertainment Report 2024,https://www.ey.com/reports/ficci-ey-me-2024.pdf,Animation and VFX Section,2026-10-07,report,medium,no,NOT FOUND — metric not explicitly reported in the specified source. Rule 14: job demand not derived from market size.
game_developer,industry,Game Developer,B,gaming,talent_pool,275,count,Active Game Development Studios in India,Gaming Ecosystem,2023,Lumikai State of India Gaming Report FY23,https://www.lumikai.com/,"Development Ecosystem, Page 38",2026-10-07,report,medium,no,Source: https://www.lumikai.com/; Section: Development Ecosystem; 275 game development studios in India.
streamer_esports_player,industry,Gaming Streamer / Esports Athlete,C,esports,average_earnings,NOT FOUND,INR/year,Professional Esports Athletes,Competitive Esports,2023,Lumikai State of India Gaming Report FY23,https://www.lumikai.com/,Esports Segment,2026-10-07,report,medium,no,NOT FOUND — metric not explicitly reported in the specified source. Total gamers not equated to esports earnings.
graphic_designer,industry,Graphic Designer,B,freelancer,graphic_designer_hourly_rate,NOT FOUND,INR/hour,Indian Freelance Graphic Designers,Freelance Design,2024,Payoneer Global Freelancer Income Report,https://www.payoneer.com/,Country Breakdown,2026-10-07,report,medium,no,NOT FOUND — metric not explicitly reported in the specified source. India-isolated hourly rate for graphic design not provided.
video_editor,industry,Video Editor,B,freelancer,video_editor_hourly_rate,NOT FOUND,INR/hour,Indian Freelance Video Editors,Freelance Post-Production,2024,Payoneer Global Freelancer Income Report,https://www.payoneer.com/,Country Breakdown,2026-10-07,report,medium,no,NOT FOUND — metric not explicitly reported in the specified source. General rates not converted.
video_creator,industry,Video Content Creator,C,creator,monetizing_creators,0.19,%,Active Online Creators in India,Creator Economy,2022,Kalaari Capital Creator Economy Report,https://kalaari.com/,Monetization Funnel Slide 10,2026-10-07,report,medium,yes,Source: https://kalaari.com/; Section: Monetization Funnel; Calculation: 150000 / 80000000 * 100 = 0.1875% (~0.19%).
video_creator,industry,Video Content Creator,C,creator,income_distribution,82.0,%,Monetizing Creators Earning <$2500 per month,Creator Economy,2022,Kalaari Capital Creator Economy Report,https://kalaari.com/,Income Brackets Slide 14,2026-10-07,report,medium,no,"Source: https://kalaari.com/; Section: Income Brackets; Explicitly states ~82% of monetizing creators earn between $200 and $2,500/month."
