career_id,salary,cost,demand_direction,geography,exams
ai_ml_engineer,FOUND-A,FOUND-A,FOUND-A,NOT FOUND,FOUND-A
software_developer,FOUND-A,FOUND-A,FOUND-A,NOT FOUND,FOUND-A
data_scientist,FOUND-A,FOUND-A,FOUND-A,NOT FOUND,FOUND-A
civil_engineer,FOUND-A,FOUND-A,FOUND-A,NOT FOUND,FOUND-A
doctor_mbbs,FOUND-A,FOUND-A,FOUND-A,NOT FOUND,FOUND-A
biomedical_engineer,FOUND-A,FOUND-A,FOUND-A,NOT FOUND,FOUND-A
ux_designer,FOUND-A,FOUND-A,NOT FOUND,NOT FOUND,NOT FOUND
graphic_designer,FOUND-A,FOUND-A,NOT FOUND,NOT FOUND,NOT FOUND
industrial_designer,FOUND-A,FOUND-A,NOT FOUND,NOT FOUND,NOT FOUND
fine_artist,FOUND-A,FOUND-A,NOT FOUND,NOT FOUND,NOT FOUND
