exam,evidence_level,year,round,institute,programme,seat_category,closing_rank,source_url,page_or_section,notes
JEE Advanced,education,2024,5,IIT Madras,"Computer Science and Engineering (4 Years, Bachelor of Technology)",OPEN,159,https://josaa.admissions.nic.in/applicant/seatallotmentresult/currentorcr.aspx,Round 5 Opening and Closing Ranks,Directly extracted from JoSAA OR-CR table. Common Rank List (CRL) closing rank. Gender-Neutral.
JEE Advanced,education,2024,5,IIT Madras,"Civil Engineering (4 Years, Bachelor of Technology)",OPEN,4518,https://josaa.admissions.nic.in/applicant/seatallotmentresult/currentorcr.aspx,Round 5 Opening and Closing Ranks,Directly extracted from JoSAA OR-CR table. CRL closing rank. Gender-Neutral.
JEE Advanced,education,2024,5,IIT Bombay,"Computer Science and Engineering (4 Years, Bachelor of Technology)",OPEN,68,https://josaa.admissions.nic.in/applicant/seatallotmentresult/currentorcr.aspx,Round 5 Opening and Closing Ranks,Directly extracted from JoSAA OR-CR table. CRL closing rank. Gender-Neutral.
JEE Advanced,education,2024,5,IIT Bombay,"Civil Engineering (4 Years, Bachelor of Technology)",OPEN,3950,https://josaa.admissions.nic.in/applicant/seatallotmentresult/currentorcr.aspx,Round 5 Opening and Closing Ranks,Directly extracted from JoSAA OR-CR table. CRL closing rank. Gender-Neutral.
JEE Advanced,education,2024,5,IIT Madras,"Artificial Intelligence and Data Analytics (4 Years, Bachelor of Technology)",OPEN,419,https://josaa.admissions.nic.in/applicant/seatallotmentresult/currentorcr.aspx,Round 5 Opening and Closing Ranks,Directly extracted from JoSAA OR-CR table. CRL closing rank. Gender-Neutral.
JEE Advanced,education,2024,5,IIT Roorkee,"Data Science and Artificial Intelligence (4 Years, Bachelor of Technology)",OPEN,680,https://josaa.admissions.nic.in/applicant/seatallotmentresult/currentorcr.aspx,Round 5 Opening and Closing Ranks,Directly extracted from JoSAA OR-CR table. CRL closing rank. Gender-Neutral.
NEET UG,education,2024,1,AIIMS New Delhi,MBBS,OPEN,47,https://mcc.nic.in/,Round 1 Seat Allotment Result 2024,Directly extracted from MCC NEET UG AIQ Round 1 allotment result. Open Merit rank.
NEET UG,education,2024,1,Madras Medical College,MBBS,OPEN,745,https://mcc.nic.in/,Round 1 Seat Allotment Result 2024,Directly extracted from MCC NEET UG AIQ 15% quota Round 1 allotment result.
JEE Advanced,education,2024,5,IIT Madras,"Mechanical Engineering (4 Years, Bachelor of Technology)",OPEN,1473,https://josaa.admissions.nic.in/applicant/seatallotmentresult/currentorcr.aspx,Round 5 Opening and Closing Ranks,Directly extracted from JoSAA OR-CR table. CRL closing rank. Gender-Neutral.
JEE Advanced,education,2024,5,IIT Bombay,"Mechanical Engineering (4 Years, Bachelor of Technology)",OPEN,1223,https://josaa.admissions.nic.in/applicant/seatallotmentresult/currentorcr.aspx,Round 5 Opening and Closing Ranks,Directly extracted from JoSAA OR-CR table. CRL closing rank. Gender-Neutral.
JEE Advanced,education,2024,5,IIT Madras,"Electrical Engineering (4 Years, Bachelor of Technology)",OPEN,624,https://josaa.admissions.nic.in/applicant/seatallotmentresult/currentorcr.aspx,Round 5 Opening and Closing Ranks,Directly extracted from JoSAA OR-CR table. CRL closing rank. Gender-Neutral.
JEE Advanced,education,2024,5,IIT Bombay,"Electrical Engineering (4 Years, Bachelor of Technology)",OPEN,364,https://josaa.admissions.nic.in/applicant/seatallotmentresult/currentorcr.aspx,Round 5 Opening and Closing Ranks,Directly extracted from JoSAA OR-CR table. CRL closing rank. Gender-Neutral.
JEE Advanced,education,2024,5,IIT Roorkee,"Electronics and Communication Engineering (4 Years, Bachelor of Technology)",OPEN,1420,https://josaa.admissions.nic.in/applicant/seatallotmentresult/currentorcr.aspx,Round 5 Opening and Closing Ranks,Directly extracted from JoSAA OR-CR table. CRL closing rank. Gender-Neutral.
JEE Advanced,education,2024,5,IIT Madras,"Chemical Engineering (4 Years, Bachelor of Technology)",OPEN,3187,https://josaa.admissions.nic.in/applicant/seatallotmentresult/currentorcr.aspx,Round 5 Opening and Closing Ranks,Directly extracted from JoSAA OR-CR table. CRL closing rank. Gender-Neutral.
JEE Advanced,education,2024,5,IIT Madras,"Aerospace Engineering (4 Years, Bachelor of Technology)",OPEN,2471,https://josaa.admissions.nic.in/applicant/seatallotmentresult/currentorcr.aspx,Round 5 Opening and Closing Ranks,Directly extracted from JoSAA OR-CR table. CRL closing rank. Gender-Neutral.
NEET UG,education,2024,1,Maulana Azad Institute of Dental Sciences New Delhi,BDS,OPEN,14758,https://mcc.nic.in/,Round 1 Seat Allotment Result 2024,Directly extracted from MCC NEET UG AIQ Round 1 allotment result. Open Merit rank.
