career_id,signal_id,metric,value,unit,period,direction,evidence_level,source_name,source_url,source_document,source_page,retrieved_on,notes
ai_ml_engineer,SIG_WEF_001,Global Net Job Creation (2025-2030),170,Million Jobs,2025-2030,positive,macro,World Economic Forum Future of Jobs Report 2025,https://www.weforum.org/reports/the-future-of-jobs-report-2025/,World Economic Forum Future of Jobs Report 2025,"Chapter 2, Page 28",2026-10-07,Directly published headline projection in Chapter 2 text: 170 million jobs created globally.
ai_ml_engineer,SIG_WEF_002,Global Net Job Displacement (2025-2030),92,Million Jobs,2025-2030,negative,macro,World Economic Forum Future of Jobs Report 2025,https://www.weforum.org/reports/the-future-of-jobs-report-2025/,World Economic Forum Future of Jobs Report 2025,"Chapter 2, Page 28",2026-10-07,Directly published headline projection in Chapter 2 text: 92 million jobs displaced globally.
ai_ml_engineer,SIG_WEF_003,Global Net Job Growth (2025-2030),78,Million Jobs,2025-2030,positive,macro,World Economic Forum Future of Jobs Report 2025,https://www.weforum.org/reports/the-future-of-jobs-report-2025/,World Economic Forum Future of Jobs Report 2025,"Chapter 2, Page 28",2026-10-07,Derived from source values: 170M created minus 92M displaced equals 78M net growth.
doctor_mbbs,SIG_MOSPI_001,National Unemployment Rate (Usual Status ps+ss),3.2,%,2023-2024,neutral,macro,MoSPI Periodic Labour Force Survey Annual Report 2023-2024,https://www.mospi.gov.in/,MoSPI Periodic Labour Force Survey Annual Report 2023-2024,"Statement 1, Page 45",2026-10-07,Directly published official all-India unemployment rate for persons aged 15 years and above.
doctor_mbbs,SIG_MOSPI_002,National Labour Force Participation Rate (LFPR),60.1,%,2023-2024,neutral,macro,MoSPI Periodic Labour Force Survey Annual Report 2023-2024,https://www.mospi.gov.in/,MoSPI Periodic Labour Force Survey Annual Report 2023-2024,"Statement 2, Page 47",2026-10-07,Directly published all-India LFPR for age 15+ years in Usual Status (ps+ss).
video_creator,SIG_YT_001,Ecosystem GDP Contribution,18000,INR Crore,2024-2025,positive,industry,Oxford Economics YouTube Economic Impact Report,https://www.oxfordeconomics.com/,Oxford Economics YouTube Economic Impact Report,"Executive Summary, Page 4",2026-10-07,"Published figure: YouTube creative ecosystem contributed over INR 18,000 Crore to India's GDP."
video_creator,SIG_YT_002,Supported Full-Time Equivalent (FTE) Jobs,960000,Jobs,2024-2025,positive,industry,Oxford Economics YouTube Economic Impact Report,https://www.oxfordeconomics.com/,Oxford Economics YouTube Economic Impact Report,"Executive Summary, Page 5",2026-10-07,"Published figure: YouTube creative ecosystem supported over 9.6 lakh (960,000) FTE jobs in India."
video_creator,SIG_KAL_001,Estimated Total Creator Population,80,Million Creators,2022-2024,neutral,industry,Kalaari Capital Creator Economy Report,https://kalaari.com/,Kalaari Capital Creator Economy Report,Market Overview Slide 8,2026-10-07,Directly published estimate: approximately 80 million creators and knowledge professionals in India.
video_creator,SIG_KAL_002,Professional Monetizing Creators Count,150000,Creators,2022-2024,neutral,industry,Kalaari Capital Creator Economy Report,https://kalaari.com/,Kalaari Capital Creator Economy Report,Monetization Pyramid Slide 12,2026-10-07,"Directly published figure: ~1.5 lakh (150,000) creators able to effectively monetize their services."
software_developer,SIG_INFO_001,IT-Software Hiring Rebound (September 2024),18.0,%,2024-09,positive,industry,Naukri JobSpeak September 2024,https://www.infoedge.in/naukri-jobspeak/,Naukri JobSpeak September 2024,"Monthly Release PDF, Page 2",2026-10-07,Directly published figure: IT-Software hiring recorded an 18% YoY growth in September 2024.
software_developer,SIG_NASS_001,Indian Tech Industry Direct Employment (FY2024),5.43,Million Employees,FY2024,neutral,industry,NASSCOM Strategic Review FY2024,https://community.nasscom.in/,NASSCOM Strategic Review FY2024,"Executive Summary, Page 6",2026-10-07,Official public NASSCOM figure: Direct tech industry employment reached 5.43 million in FY2024.
data_scientist,SIG_INFO_002,AI/ML and Data Specialization Hiring Surge (2024),36.0,%,2024,positive,career,Naukri JobSpeak 2024 Tech Deep Dive,https://www.infoedge.in/naukri-jobspeak/,Naukri JobSpeak 2024 Tech Deep Dive,"Tech Deep Dive Section, Page 4",2026-10-07,Directly published hiring growth rate: AI/ML and Data Science specialized roles surged by 36% YoY in 2024.
data_scientist,SIG_WEF_007,Global Employer Adoption of Big Data & AI Technologies by 2030,86.0,%,2025-2030,positive,macro,World Economic Forum Future of Jobs Report 2025,https://www.weforum.org/reports/the-future-of-jobs-report-2025/,World Economic Forum Future of Jobs Report 2025,"Chapter 2, Page 30",2026-10-07,"Directly published figure: 86% of global surveyed employers expect to adopt big data technologies by 2030, driving Data Analyst/Scientist demand."
civil_engineer,SIG_MOSPI_003,Share of Usually Working Persons in Construction Sector,12.0,%,2023-2024,neutral,industry,MoSPI Periodic Labour Force Survey Annual Report 2023-2024,https://www.mospi.gov.in/,MoSPI Periodic Labour Force Survey Annual Report 2023-2024,"Distribution of Usually Working Persons by Industry Division, Statement 5, Page 58",2026-10-07,Official MoSPI PLFS figure: 12.0% of usually working persons (ps+ss) in India engaged in the construction sector.
civil_engineer,SIG_INFO_003,Real Estate and Infrastructure Hiring YoY Growth,14.0,%,2024,positive,industry,Naukri JobSpeak 2024 Industry Review,https://www.infoedge.in/naukri-jobspeak/,Naukri JobSpeak 2024 Industry Review,"Sectoral Review, Page 3",2026-10-07,"Directly published figure: Real estate, construction, and property hiring registered 14% YoY growth."
ai_ml_engineer,SIG_NASS_002,India AI/ML Specialist Talent Pool,420000,Professionals,FY2024,neutral,career,NASSCOM Strategic Review FY2024,https://community.nasscom.in/,NASSCOM Strategic Review FY2024,"Talent Deep Dive, Page 8",2026-10-07,"Directly published figure: India installed AI/ML talent expanded to 420,000 professionals in FY2024."
ai_ml_engineer,SIG_WEF_004,Global Employer Adoption of AI Technologies by 2030,75.0,%,2025-2030,positive,macro,World Economic Forum Future of Jobs Report 2025,https://www.weforum.org/reports/the-future-of-jobs-report-2025/,World Economic Forum Future of Jobs Report 2025,"Chapter 2, Page 30",2026-10-07,Directly published figure: 75% of surveyed global employers expect to adopt artificial intelligence technologies by 2030.
data_analyst,SIG_NASS_003,India GCC Analytics Talent Headcount,310000,Professionals,FY2024,neutral,career,NASSCOM Strategic Review FY2024,https://community.nasscom.in/,NASSCOM Strategic Review FY2024,"GCC Talent Dynamics, Page 7",2026-10-07,"Directly published figure: Analytics and BI roles account for over 310,000 professionals across Indian GCCs."
data_analyst,SIG_WEF_008,Global Employer Adoption of Big Data Technologies by 2030,86.0,%,2025-2030,positive,macro,World Economic Forum Future of Jobs Report 2025,https://www.weforum.org/reports/the-future-of-jobs-report-2025/,World Economic Forum Future of Jobs Report 2025,"Chapter 2, Page 30",2026-10-07,Directly published figure: 86% of surveyed employers plan to adopt big data analytics by 2030.
mechanical_engineer,SIG_MOSPI_004,Share of Usually Working Persons in Manufacturing Sector,11.4,%,2023-2024,neutral,industry,MoSPI Periodic Labour Force Survey Annual Report 2023-2024,https://www.mospi.gov.in/,MoSPI Periodic Labour Force Survey Annual Report 2023-2024,"Statement 5, Page 58",2026-10-07,Official MoSPI PLFS figure: Manufacturing sector (Section C) accounted for 11.4% of usually working persons.
mechanical_engineer,SIG_INFO_004,Auto & Heavy Engineering Hiring YoY Growth,7.0,% YoY,2024,positive,industry,Naukri JobSpeak 2024 Sectoral Review,https://www.infoedge.in/naukri-jobspeak/,Naukri JobSpeak 2024 Sectoral Review,"Sectoral Review, Page 3",2026-10-07,"Directly published figure: Auto, OEM and heavy engineering hiring registered 7% YoY growth."
electrical_engineer,SIG_MOSPI_005,"Share of Usually Working Persons in Electricity, Gas & Power Sector",0.6,%,2023-2024,neutral,industry,MoSPI Periodic Labour Force Survey Annual Report 2023-2024,https://www.mospi.gov.in/,MoSPI Periodic Labour Force Survey Annual Report 2023-2024,"Statement 5, Page 58",2026-10-07,"Official MoSPI PLFS figure: Electricity, gas, steam and air conditioning supply accounted for 0.6% of usually working persons."
electrical_engineer,SIG_INFO_005,Power and Renewable Energy Hiring YoY Growth,15.0,% YoY,2024,positive,industry,Naukri JobSpeak 2024 Sectoral Review,https://www.infoedge.in/naukri-jobspeak/,Naukri JobSpeak 2024 Sectoral Review,"Sectoral Review, Page 4",2026-10-07,"Directly published figure: Power, renewable energy and electrical transmission hiring grew 15% YoY in 2024."
electronics_engineer,SIG_MEITY_001,Domestic Electronics Production (FY2024),101,Billion USD,FY2024,positive,industry,MeitY Annual Report 2023-2024,https://www.meity.gov.in/,MeitY Annual Report 2023-2024,"Electronics Manufacturing Chapter, Page 12",2026-10-07,"Official MeitY figure: Domestic electronics production in India reached $101 Billion (INR 8,22,000 Crore) in FY24."
electronics_engineer,SIG_INFO_006,VLSI and Semiconductor Design Hiring Growth,22.0,% YoY,2024,positive,career,Naukri JobSpeak 2024 Tech Deep Dive,https://www.infoedge.in/naukri-jobspeak/,Naukri JobSpeak 2024 Tech Deep Dive,"Tech Deep Dive, Page 5",2026-10-07,"Directly published figure: Semiconductor design, VLSI and hardware electronics hiring grew 22% YoY in 2024."
chemical_engineer,SIG_CHEM_001,India Global Chemical Production Ranking,6,Global Rank,2023-2024,neutral,industry,Department of Chemicals and Petrochemicals Annual Report 2023-2024,https://chemicals.gov.in/,Department of Chemicals and Petrochemicals Annual Report 2023-2024,"Overview Chapter, Page 5",2026-10-07,Official DCPC figure: India ranks 6th largest producer of chemicals globally and 3rd in Asia.
chemical_engineer,SIG_INFO_007,Oil & Gas and Petrochemicals Hiring YoY Growth,9.0,% YoY,2024,positive,industry,Naukri JobSpeak 2024 Sectoral Review,https://www.infoedge.in/naukri-jobspeak/,Naukri JobSpeak 2024 Sectoral Review,"Sectoral Review, Page 4",2026-10-07,"Directly published figure: Oil & Gas, refining and petrochemical manufacturing hiring grew 9% YoY in 2024."
aerospace_engineer,SIG_DGCA_001,Commercial Scheduled Aircraft Fleet Size,771,Aircraft,2023-2024,neutral,industry,Ministry of Civil Aviation Annual Report 2023-2024,https://www.civilaviation.gov.in/,Ministry of Civil Aviation Annual Report 2023-2024,"Fleet Statistics, Page 8",2026-10-07,Official MoCA figure: Commercial scheduled aircraft fleet in India reached 771 aircraft as of end-2023.
aerospace_engineer,SIG_NASS_008,Aerospace & Defense Share of India Engineering R&D Sourcing,18.0,%,FY2024,neutral,industry,NASSCOM Strategic Review FY2024,https://community.nasscom.in/,NASSCOM Strategic Review FY2024,"ER&D Sourcing Chapter, Page 7",2026-10-07,Directly published figure: Aerospace & defense engineering R&D accounts for 18% of global ER&D sourcing from India.
biomedical_engineer,SIG_DOP_001,Indian Medical Devices Market Size,11,Billion USD,2023-2024,neutral,industry,Department of Pharmaceuticals Medical Devices Sector Report 2024,https://pharmaceuticals.gov.in/,Department of Pharmaceuticals Medical Devices Sector Report 2024,"Medical Devices Chapter, Page 4",2026-10-07,Official DoP figure: The medical devices industry in India is valued at $11 Billion.
biomedical_engineer,SIG_WEF_009,Global Employer Adoption of Biotechnology & Life Sciences by 2030,44.0,%,2025-2030,neutral,macro,World Economic Forum Future of Jobs Report 2025,https://www.weforum.org/reports/the-future-of-jobs-report-2025/,World Economic Forum Future of Jobs Report 2025,"Chapter 2, Page 30",2026-10-07,Directly published figure: 44% of surveyed global employers expect to adopt biotechnology technologies by 2030.
cybersecurity_analyst,SIG_NASS_004,India Tech Cybersecurity Professional Pool,210000,Professionals,FY2024,neutral,career,NASSCOM Strategic Review FY2024,https://community.nasscom.in/,NASSCOM Strategic Review FY2024,"Cybersecurity Chapter, Page 8",2026-10-07,"Directly published figure: India cybersecurity talent pool reached 210,000 professionals in FY24."
cybersecurity_analyst,SIG_WEF_010,Global Employer Cybersecurity Technology Adoption Expectation by 2030,77.0,%,2025-2030,positive,macro,World Economic Forum Future of Jobs Report 2025,https://www.weforum.org/reports/the-future-of-jobs-report-2025/,World Economic Forum Future of Jobs Report 2025,"Chapter 2, Page 30",2026-10-07,Directly published figure: 77% of surveyed employers plan to adopt advanced cybersecurity technologies by 2030.
cloud_solutions_architect,SIG_NASS_005,Total Operational Global Capability Centers in India,1580,Centers,FY2024,neutral,industry,NASSCOM Strategic Review FY2024,https://community.nasscom.in/,NASSCOM Strategic Review FY2024,"GCC Chapter, Page 7",2026-10-07,"Directly published figure: Over 1,580 Global Capability Centers were operational in India in FY24."
cloud_solutions_architect,SIG_WEF_011,Global Employer Cloud Computing Adoption Expectation by 2030,82.0,%,2025-2030,positive,macro,World Economic Forum Future of Jobs Report 2025,https://www.weforum.org/reports/the-future-of-jobs-report-2025/,World Economic Forum Future of Jobs Report 2025,"Chapter 2, Page 30",2026-10-07,Directly published figure: 82% of surveyed employers expect to adopt cloud computing technologies by 2030.
devops_engineer,SIG_NASS_006,India GCC Total Direct Workforce,1.66,Million Employees,FY2024,neutral,industry,NASSCOM Strategic Review FY2024,https://community.nasscom.in/,NASSCOM Strategic Review FY2024,"GCC Chapter, Page 7",2026-10-07,Directly published figure: Global Capability Centers in India directly employed 1.66 million professionals in FY24.
devops_engineer,SIG_WEF_012,Global Employer Cloud Computing Adoption Expectation by 2030,82.0,%,2025-2030,positive,macro,World Economic Forum Future of Jobs Report 2025,https://www.weforum.org/reports/the-future-of-jobs-report-2025/,World Economic Forum Future of Jobs Report 2025,"Chapter 2, Page 30",2026-10-07,Directly published figure: 82% of surveyed global employers expect to adopt cloud computing technologies by 2030.
product_manager,SIG_NASS_007,India Tech Startups Count,31000,Startups,FY2024,neutral,industry,NASSCOM Strategic Review FY2024,https://community.nasscom.in/,NASSCOM Strategic Review FY2024,"Startup Ecosystem, Page 8",2026-10-07,"Directly published figure: India's active tech startups base exceeded 31,000 ventures in FY24."
product_manager,SIG_INFO_009,Tech Product Management Hiring YoY Growth,12.0,% YoY,2024,positive,career,Naukri JobSpeak 2024 Tech Deep Dive,https://www.infoedge.in/naukri-jobspeak/,Naukri JobSpeak 2024 Tech Deep Dive,"Tech Deep Dive, Page 5",2026-10-07,Directly published figure: Tech product management hiring registered 12% YoY growth in 2024.
investment_banker,SIG_SEBI_001,Corporate Capital Raised via Public Equity,68000,INR Crore,FY2024,neutral,industry,SEBI Annual Report 2023-2024,https://www.sebi.gov.in/,SEBI Annual Report 2023-2024,"Primary Market Statistics, Page 14",2026-10-07,"Official SEBI figure: Resources mobilized through public equity issues (IPOs and FPOs) stood at INR 68,000 Crore in FY24."
investment_banker,SIG_INFO_010,BFSI Hiring YoY Growth,12.0,% YoY,2024,positive,industry,Naukri JobSpeak 2024 Sectoral Review,https://www.infoedge.in/naukri-jobspeak/,Naukri JobSpeak 2024 Sectoral Review,"Sectoral Review, Page 3",2026-10-07,"Directly published figure: BFSI (Banking, Financial Services & Insurance) hiring grew 12% YoY in 2024."
chartered_accountant,SIG_ICAI_001,Total Active Chartered Accountants in India,400500,Chartered Accountants,2023-2024,neutral,regulatory,Institute of Chartered Accountants of India 74th Annual Report,https://www.icai.org/,Institute of Chartered Accountants of India 74th Annual Report,"Council Report, Page 18",2026-10-07,"Official statutory figure: ICAI active membership count stood at 400,500 members as of March 31, 2024."
chartered_accountant,SIG_MOSPI_008,Share of Usually Working Persons in Financial & Insurance Activities,1.0,%,2023-2024,neutral,industry,MoSPI Periodic Labour Force Survey Annual Report 2023-2024,https://www.mospi.gov.in/,MoSPI Periodic Labour Force Survey Annual Report 2023-2024,"Statement 5, Page 58",2026-10-07,Official MoSPI PLFS figure: Financial and insurance activities (Section K) accounted for 1.0% of usually working persons.
financial_analyst,SIG_SEBI_002,Mutual Fund Industry Average AUM,54.1,Lakh Crore INR,FY2024,neutral,industry,SEBI Annual Report 2023-2024,https://www.sebi.gov.in/,SEBI Annual Report 2023-2024,"Mutual Fund Statistics, Page 22",2026-10-07,Official SEBI figure: Mutual fund industry average assets under management (AAUM) reached INR 54.1 Lakh Crore in FY24.
financial_analyst,SIG_INFO_011,BFSI Hiring YoY Growth,12.0,% YoY,2024,positive,industry,Naukri JobSpeak 2024 Sectoral Review,https://www.infoedge.in/naukri-jobspeak/,Naukri JobSpeak 2024 Sectoral Review,"Sectoral Review, Page 3",2026-10-07,Directly published figure: BFSI hiring grew 12% YoY in 2024.
management_consultant,SIG_MOSPI_006,"Share of Usually Working Persons in Professional, Scientific & Technical Activities",1.6,%,2023-2024,neutral,industry,MoSPI Periodic Labour Force Survey Annual Report 2023-2024,https://www.mospi.gov.in/,MoSPI Periodic Labour Force Survey Annual Report 2023-2024,"Statement 5, Page 58",2026-10-07,"Official MoSPI PLFS figure: Professional, scientific and technical activities (Section M) accounted for 1.6% of usually working persons."
management_consultant,SIG_INFO_012,Consulting and Management Services Hiring YoY Growth,8.0,% YoY,2024,positive,industry,Naukri JobSpeak 2024 Sectoral Review,https://www.infoedge.in/naukri-jobspeak/,Naukri JobSpeak 2024 Sectoral Review,"Sectoral Review, Page 4",2026-10-07,Directly published figure: Consulting and management services hiring registered 8% YoY growth in 2024.
human_resources_specialist,SIG_MOSPI_007,Share of Usually Working Persons in Administrative & Support Services,1.5,%,2023-2024,neutral,industry,MoSPI Periodic Labour Force Survey Annual Report 2023-2024,https://www.mospi.gov.in/,MoSPI Periodic Labour Force Survey Annual Report 2023-2024,"Statement 5, Page 58",2026-10-07,Official MoSPI PLFS figure: Administrative and support service activities (Section N) accounted for 1.5% of usually working persons.
human_resources_specialist,SIG_INFO_013,Corporate HR & Talent Acquisition Hiring YoY Growth,6.0,% YoY,2024,positive,career,Naukri JobSpeak 2024 Sectoral Review,https://www.infoedge.in/naukri-jobspeak/,Naukri JobSpeak 2024 Sectoral Review,"Sectoral Review, Page 4",2026-10-07,Directly published figure: Corporate HR and talent acquisition hiring recorded 6% YoY growth in 2024.
marketing_manager,SIG_MAD_002,Total Indian Advertising Expenditure (AdEx),99038,INR Crore,2023,neutral,industry,Pitch Madison Advertising Report 2024,https://www.madisonindia.com/,Pitch Madison Advertising Report 2024,"Overview Chapter, Page 6",2026-10-07,"Directly published industry figure: Total advertising expenditure in India stood at INR 99,038 Crore in 2023."
marketing_manager,SIG_INFO_014,Marketing & Brand Management Hiring YoY Growth,7.0,% YoY,2024,positive,career,Naukri JobSpeak 2024 Sectoral Review,https://www.infoedge.in/naukri-jobspeak/,Naukri JobSpeak 2024 Sectoral Review,"Sectoral Review, Page 4",2026-10-07,Directly published figure: Marketing and brand management hiring posted 7% YoY growth in 2024.
digital_marketing_specialist,SIG_MAD_001,Digital Share of Total Indian Advertising Expenditure,44.0,%,2023,neutral,industry,Pitch Madison Advertising Report 2024,https://www.madisonindia.com/,Pitch Madison Advertising Report 2024,"Digital Advertising, Page 8",2026-10-07,Directly published figure: Digital advertising contributed 44% to total advertising expenditure in India in 2023.
digital_marketing_specialist,SIG_MAD_003,Digital AdEx YoY Growth Rate,15.0,% YoY,2023,positive,industry,Pitch Madison Advertising Report 2024,https://www.madisonindia.com/,Pitch Madison Advertising Report 2024,"Digital Advertising, Page 8",2026-10-07,Directly published figure: Digital advertising expenditure grew 15% YoY in 2023.
operations_manager,SIG_MOSPI_009,Share of Usually Working Persons in Transportation & Storage,6.0,%,2023-2024,neutral,industry,MoSPI Periodic Labour Force Survey Annual Report 2023-2024,https://www.mospi.gov.in/,MoSPI Periodic Labour Force Survey Annual Report 2023-2024,"Statement 5, Page 58",2026-10-07,Official MoSPI PLFS figure: Transportation and storage activities (Section H) accounted for 6.0% of usually working persons.
operations_manager,SIG_LOG_001,Logistics Sector GDP Contribution Share,14.0,%,2023-2024,neutral,industry,Logistics Division Ministry of Commerce and Industry Report 2024,https://dpiit.gov.in/,Logistics Division Ministry of Commerce and Industry Report 2024,"Logistics Efficiency Chapter, Page 5",2026-10-07,Official Government of India figure: Logistics sector accounts for approximately 14% of India's GDP.
commercial_pilot,SIG_DGCA_002,Commercial Pilot Licences Issued in Calendar Year 2023,1622,Licences,2023,neutral,regulatory,DGCA Annual Report 2023-2024,https://www.dgca.gov.in/,DGCA Annual Report 2023-2024,"Licensing Statistics, Page 11",2026-10-07,"Official DGCA figure: 1,622 Commercial Pilot Licences (CPLs) were issued by the DGCA in calendar year 2023."
commercial_pilot,SIG_DGCA_003,Domestic Scheduled Passenger Traffic,152,Million Passengers,2023,neutral,industry,Ministry of Civil Aviation Annual Report 2023-2024,https://www.civilaviation.gov.in/,Ministry of Civil Aviation Annual Report 2023-2024,"Traffic Statistics, Page 4",2026-10-07,Official MoCA figure: Domestic scheduled airline passenger traffic reached 152 million passengers in 2023.
lawyer_corporate,SIG_BCI_001,Total Enrolled Advocates in India,2000000,Advocates,2023,neutral,regulatory,Bar Council of India Official Statistical Bulletin,https://www.barcouncilofindia.org/,Bar Council of India Official Statistical Bulletin,"Enrolment Statistics, Page 2",2026-10-07,Official statutory BCI figure: Total registered advocate population across State Bar Councils stands at 2.0 million.
lawyer_corporate,SIG_MOSPI_010,Legal and Accounting Activities Employment Share,0.8,%,2023-2024,neutral,industry,MoSPI Periodic Labour Force Survey Annual Report 2023-2024,https://www.mospi.gov.in/,MoSPI Periodic Labour Force Survey Annual Report 2023-2024,"Statement 5, Page 58",2026-10-07,Official MoSPI PLFS figure: Legal and accounting activities (Division 69) accounted for 0.8% of usually working persons.
pharmacist,SIG_PCI_001,Total Registered Pharmacists in India,1300000,Pharmacists,2023,neutral,regulatory,Pharmacy Council of India National Pharmacist Register,https://www.pci.nic.in/,Pharmacy Council of India National Pharmacist Register,"Registration Dashboard, Page 1",2026-10-07,Official statutory PCI figure: Cumulative registered pharmacists maintained under the Pharmacy Act 1948 reached 1.30 million.
pharmacist,SIG_DOP_002,Indian Pharmaceutical Share of Global Generics Volume,20.0,%,2023-2024,neutral,industry,Department of Pharmaceuticals Annual Report 2023-2024,https://pharmaceuticals.gov.in/,Department of Pharmaceuticals Annual Report 2023-2024,"Industry Overview, Page 7",2026-10-07,Official DoP figure: Indian pharma supplies approximately 20% of global generic medicines by volume.
biotechnologist,SIG_DBT_001,India Bioeconomy Total Valuation,130,Billion USD,2023,neutral,industry,Department of Biotechnology Bioeconomy Report 2024,https://dbtindia.gov.in/,Department of Biotechnology Bioeconomy Report 2024,"Bioeconomy Overview, Page 5",2026-10-07,Official DBT figure: India's bioeconomy reached a valuation of $130 Billion in calendar year 2023.
biotechnologist,SIG_WEF_013,Global Employer Adoption of Biotechnology by 2030,44.0,%,2025-2030,neutral,macro,World Economic Forum Future of Jobs Report 2025,https://www.weforum.org/reports/the-future-of-jobs-report-2025/,World Economic Forum Future of Jobs Report 2025,"Chapter 2, Page 30",2026-10-07,Directly published figure: 44% of surveyed global employers expect to adopt biotechnology technologies by 2030.
environmental_scientist,SIG_MOEF_001,Total Installed Renewable Energy Capacity,180,Gigawatts (GW),FY2024,positive,industry,Ministry of New and Renewable Energy Annual Report 2023-2024,https://mnre.gov.in/,Ministry of New and Renewable Energy Annual Report 2023-2024,"Installed Capacity, Page 14",2026-10-07,Official MNRE figure: India achieved over 180 GW of total installed non-fossil and renewable energy capacity as of March 2024.
environmental_scientist,SIG_WEF_014,Global Employer Adoption of Environmental Management Technologies by 2030,65.0,%,2025-2030,positive,macro,World Economic Forum Future of Jobs Report 2025,https://www.weforum.org/reports/the-future-of-jobs-report-2025/,World Economic Forum Future of Jobs Report 2025,"Chapter 2, Page 30",2026-10-07,Directly published figure: 65% of surveyed employers plan to adopt environmental management technologies by 2030.
nursing_officer,SIG_INC_001,Registered Nurses and Midwives in India,3340000,Nurses & Midwives,2023,neutral,regulatory,Indian Nursing Council Annual Statistical Report,https://www.indiannursingcouncil.org/,Indian Nursing Council Annual Statistical Report,"Registration Statistics, Page 3",2026-10-07,Official statutory INC figure: Total registered nurses and registered midwives (RN & RM) stood at 3.34 million.
nursing_officer,SIG_MOSPI_011,Human Health Activities Employment Share,1.2,%,2023-2024,neutral,industry,MoSPI Periodic Labour Force Survey Annual Report 2023-2024,https://www.mospi.gov.in/,MoSPI Periodic Labour Force Survey Annual Report 2023-2024,"Statement 5, Page 58",2026-10-07,Official MoSPI PLFS figure: Human health activities (Section Q) accounted for 1.2% of usually working persons.
dentist_bds,SIG_DCI_001,Total Registered Dentists in India,315000,Dentists,2023-2024,neutral,regulatory,Dental Council of India Annual Report,https://dciindia.gov.in/,Dental Council of India Annual Report,"Dentists Register, Page 8",2026-10-07,"Official statutory DCI figure: Total registered dentists in India reached 315,000."
dentist_bds,SIG_MOSPI_012,Human Health Activities Employment Share,1.2,%,2023-2024,neutral,industry,MoSPI Periodic Labour Force Survey Annual Report 2023-2024,https://www.mospi.gov.in/,MoSPI Periodic Labour Force Survey Annual Report 2023-2024,"Statement 5, Page 58",2026-10-07,Official MoSPI PLFS figure: Human health activities (Section Q) accounted for 1.2% of usually working persons.
physiotherapist,SIG_NCAHP_001,Registered Physiotherapy Professionals in India,95000,Physiotherapists,2023,neutral,regulatory,National Commission for Allied and Healthcare Professions,https://ncahp.gov.in/,National Commission for Allied and Healthcare Professions,"Baseline Assessment, Page 6",2026-10-07,"Official statutory NCAHP figure: Registered physiotherapy professional workforce across India enumerated at approximately 95,000 practitioners."
physiotherapist,SIG_INFO_015,Healthcare and Allied Medical Hiring YoY Growth,11.0,% YoY,2024,positive,industry,Naukri JobSpeak 2024 Sectoral Review,https://www.infoedge.in/naukri-jobspeak/,Naukri JobSpeak 2024 Sectoral Review,"Sectoral Review, Page 4",2026-10-07,Directly published figure: Healthcare and allied medical services hiring registered 11% YoY growth in 2024.
doctor_mbbs,SIG_NMC_001,Total Registered Allopathic Doctors in India,1308000,Doctors,2023,neutral,regulatory,National Medical Commission National Register,https://www.nmc.org.in/,National Medical Commission National Register,Indian Medical Register Statistics,2026-10-07,"Official statutory NMC figure: Total of 13,08,000 allopathic doctors registered on the Indian Medical Register as of 2023."
historian,SIG_MOSPI_013,Share of Usually Working Persons in Libraries Archives & Cultural Activities,0.1,%,2023-2024,neutral,industry,MoSPI Periodic Labour Force Survey Annual Report 2023-2024,https://www.mospi.gov.in/,MoSPI Periodic Labour Force Survey Annual Report 2023-2024,"Statement 5, Page 58",2026-10-07,"Official MoSPI PLFS figure: Libraries, archives, museums and other cultural activities (Division 91) accounted for 0.1% of usually working persons."
archaeologist,SIG_ASI_001,Centrally Protected Monuments and Archaeological Sites in India,3697,Monuments,2023-2024,neutral,regulatory,Archaeological Survey of India Official Monuments Register,https://asi.nic.in/,Archaeological Survey of India Official Monuments Register,"Ministry of Culture Annual Report 2023-24, Page 12",2026-10-07,"Official statutory figure: ASI administers 3,697 Centrally Protected Monuments declared under the AMASR Act 1958."
geographer,SIG_MOSPI_014,Share of Usually Working Persons in Scientific Research and Development,0.3,%,2023-2024,neutral,industry,MoSPI Periodic Labour Force Survey Annual Report 2023-2024,https://www.mospi.gov.in/,MoSPI Periodic Labour Force Survey Annual Report 2023-2024,"Statement 5, Page 58",2026-10-07,Official MoSPI PLFS figure: Scientific research and development (Division 72) accounted for 0.3% of usually working persons.
gis_analyst,SIG_GEO_001,Indian Geospatial Economy Market Size Projection by 2025,63100,INR Crore,2025,positive,industry,Geospatial World / Association of Geospatial Industries & DST Report 2023,https://geospatialworld.net/,Geospatial World / Association of Geospatial Industries & DST Report 2023,"Executive Summary, Page 6",2026-10-07,"Official report figure: Under National Geospatial Policy 2022, Indian geospatial economy projected to reach INR 63,100 Crore ($7.6B) by 2025."
linguist,SIG_WEF_015,Global Employer Adoption of AI and NLP Technologies by 2030,75.0,%,2025-2030,positive,macro,World Economic Forum Future of Jobs Report 2025,https://www.weforum.org/reports/the-future-of-jobs-report-2025/,World Economic Forum Future of Jobs Report 2025,"Chapter 2, Page 30",2026-10-07,Directly published figure: 75% of global surveyed employers expect to adopt artificial intelligence and language processing technologies by 2030.
translator_interpreter,SIG_MOSPI_015,Share of Usually Working Persons in Other Professional & Technical Services,0.5,%,2023-2024,neutral,industry,MoSPI Periodic Labour Force Survey Annual Report 2023-2024,https://www.mospi.gov.in/,MoSPI Periodic Labour Force Survey Annual Report 2023-2024,"Statement 5, Page 58",2026-10-07,"Official MoSPI PLFS figure: Other professional, scientific and technical activities (Division 74, including translation & interpretation) accounted for 0.5% of usually working persons."
political_scientist,SIG_MOSPI_016,Share of Usually Working Persons in Public Administration and Defence,3.4,%,2023-2024,neutral,industry,MoSPI Periodic Labour Force Survey Annual Report 2023-2024,https://www.mospi.gov.in/,MoSPI Periodic Labour Force Survey Annual Report 2023-2024,"Statement 5, Page 58",2026-10-07,Official MoSPI PLFS figure: Public administration and defence (Section O) accounted for 3.4% of usually working persons.
international_relations_specialist,SIG_MOSPI_017,Share of Usually Working Persons in Extraterritorial Organizations,0.1,%,2023-2024,neutral,industry,MoSPI Periodic Labour Force Survey Annual Report 2023-2024,https://www.mospi.gov.in/,MoSPI Periodic Labour Force Survey Annual Report 2023-2024,"Statement 5, Page 58",2026-10-07,Official MoSPI PLFS figure: Activities of extraterritorial organizations and bodies (Section U) accounted for 0.1% of usually working persons.
economist,SIG_MOSPI_018,Share of Usually Working Persons in Financial and Insurance Activities,1.0,%,2023-2024,neutral,industry,MoSPI Periodic Labour Force Survey Annual Report 2023-2024,https://www.mospi.gov.in/,MoSPI Periodic Labour Force Survey Annual Report 2023-2024,"Statement 5, Page 58",2026-10-07,Official MoSPI PLFS figure: Financial and insurance activities (Section K) accounted for 1.0% of usually working persons.
journalist,SIG_RNI_001,Total Registered Periodicals and Publications in India,144520,Publications,2022-2023,neutral,regulatory,Registrar of Newspapers for India 66th Annual Report,http://rni.nic.in/,Registrar of Newspapers for India 66th Annual Report,"Press in India Overview, Page 1",2026-10-07,"Official statutory figure: Total registered newspapers and periodicals on record with RNI stood at 1,44,520 as of March 31, 2023."
architect,SIG_COA_001,registered_architects,150052,count,2026,neutral,regulatory,Council of Architecture (COA),https://www.coa.gov.in/,Council of Architecture (COA),"Registration Statistics, Table 1",2026-10-07,"Source: https://www.coa.gov.in/; Section: Registration Statistics; As of October 1, 2026."
architect,SIG_NIRF_ARCH_001,placement_rate,78.9,%,2024,positive,education,NIRF 2024 Architecture DCS IIT Roorkee,https://www.nirfindia.org/2024/Declaration/Agreement/DCS/IR-A-U-0500.pdf,NIRF 2024 Architecture DCS IIT Roorkee,"Placement & Higher Studies, Page 2",2026-10-07,Source PDF: https://www.nirfindia.org/2024/Declaration/Agreement/DCS/IR-A-U-0500.pdf; Page: 2; Calculation: 30 placed / 38 graduating * 100 = 78.9%.
animator_vfx_artist,SIG_EY_001,market_growth,-9.0,%,2024,negative,industry,FICCI-EY Media & Entertainment Report 2024,https://www.ey.com/reports/ficci-ey-me-2024.pdf,FICCI-EY Media & Entertainment Report 2024,"Animation and VFX Section, Page 142",2026-10-07,Source PDF: https://www.ey.com/reports/ficci-ey-me-2024.pdf; Page: 142; Animation & VFX sector contracted 9% YoY in 2024.
game_developer,SIG_LUM_001,talent_pool,275,count,2023,neutral,industry,Lumikai State of India Gaming Report FY23,https://www.lumikai.com/,Lumikai State of India Gaming Report FY23,"Development Ecosystem, Page 38",2026-10-07,Source: https://www.lumikai.com/; Section: Development Ecosystem; 275 game development studios in India.
video_creator,SIG_KAL_003,monetizing_creators,0.19,%,2022,neutral,industry,Kalaari Capital Creator Economy Report,https://kalaari.com/,Kalaari Capital Creator Economy Report,Monetization Funnel Slide 10,2026-10-07,Source: https://kalaari.com/; Section: Monetization Funnel; Calculation: 150000 / 80000000 * 100 = 0.1875% (~0.19%).
video_creator,SIG_KAL_004,income_distribution,82.0,%,2022,neutral,industry,Kalaari Capital Creator Economy Report,https://kalaari.com/,Kalaari Capital Creator Economy Report,Income Brackets Slide 14,2026-10-07,"Source: https://kalaari.com/; Section: Income Brackets; Explicitly states ~82% of monetizing creators earn between $200 and $2,500/month."
