snapshot_date,career_id,evidence_level,keyword,city,job_count,endpoint,notes
2024-12-15,ai_ml_engineer,career,AI Engineer,Bengaluru,NOT FOUND,geodata,NOT FOUND — Adzuna API credentials not configured in data_pipeline/.env; live API queries not executed. Zero synthetic estimates permitted.
2024-12-15,ai_ml_engineer,career,AI Engineer,Hyderabad,NOT FOUND,geodata,NOT FOUND — Adzuna API credentials not configured in data_pipeline/.env; live API queries not executed. Zero synthetic estimates permitted.
2024-12-15,ai_ml_engineer,career,AI Engineer,Chennai,NOT FOUND,geodata,NOT FOUND — Adzuna API credentials not configured in data_pipeline/.env; live API queries not executed. Zero synthetic estimates permitted.
2024-12-15,ai_ml_engineer,career,AI Engineer,Pune,NOT FOUND,geodata,NOT FOUND — Adzuna API credentials not configured in data_pipeline/.env; live API queries not executed. Zero synthetic estimates permitted.
2024-12-15,ai_ml_engineer,career,AI Engineer,Mumbai,NOT FOUND,geodata,NOT FOUND — Adzuna API credentials not configured in data_pipeline/.env; live API queries not executed. Zero synthetic estimates permitted.
2024-12-15,ai_ml_engineer,career,AI Engineer,Delhi NCR,NOT FOUND,geodata,NOT FOUND — Adzuna API credentials not configured in data_pipeline/.env; live API queries not executed. Zero synthetic estimates permitted.
2024-12-15,software_developer,career,Software Developer,Bengaluru,NOT FOUND,geodata,NOT FOUND — Adzuna API credentials not configured in data_pipeline/.env; live API queries not executed. Zero synthetic estimates permitted.
2024-12-15,software_developer,career,Software Developer,Hyderabad,NOT FOUND,geodata,NOT FOUND — Adzuna API credentials not configured in data_pipeline/.env; live API queries not executed. Zero synthetic estimates permitted.
2024-12-15,software_developer,career,Software Developer,Chennai,NOT FOUND,geodata,NOT FOUND — Adzuna API credentials not configured in data_pipeline/.env; live API queries not executed. Zero synthetic estimates permitted.
2024-12-15,software_developer,career,Software Developer,Pune,NOT FOUND,geodata,NOT FOUND — Adzuna API credentials not configured in data_pipeline/.env; live API queries not executed. Zero synthetic estimates permitted.
2024-12-15,software_developer,career,Software Developer,Mumbai,NOT FOUND,geodata,NOT FOUND — Adzuna API credentials not configured in data_pipeline/.env; live API queries not executed. Zero synthetic estimates permitted.
2024-12-15,software_developer,career,Software Developer,Delhi NCR,NOT FOUND,geodata,NOT FOUND — Adzuna API credentials not configured in data_pipeline/.env; live API queries not executed. Zero synthetic estimates permitted.
2024-12-15,civil_engineer,career,Civil Engineer,Bengaluru,NOT FOUND,geodata,NOT FOUND — Adzuna API credentials not configured in data_pipeline/.env; live API queries not executed. Zero synthetic estimates permitted.
2024-12-15,civil_engineer,career,Civil Engineer,Hyderabad,NOT FOUND,geodata,NOT FOUND — Adzuna API credentials not configured in data_pipeline/.env; live API queries not executed. Zero synthetic estimates permitted.
2024-12-15,civil_engineer,career,Civil Engineer,Chennai,NOT FOUND,geodata,NOT FOUND — Adzuna API credentials not configured in data_pipeline/.env; live API queries not executed. Zero synthetic estimates permitted.
2024-12-15,civil_engineer,career,Civil Engineer,Pune,NOT FOUND,geodata,NOT FOUND — Adzuna API credentials not configured in data_pipeline/.env; live API queries not executed. Zero synthetic estimates permitted.
2024-12-15,civil_engineer,career,Civil Engineer,Mumbai,NOT FOUND,geodata,NOT FOUND — Adzuna API credentials not configured in data_pipeline/.env; live API queries not executed. Zero synthetic estimates permitted.
2024-12-15,civil_engineer,career,Civil Engineer,Delhi NCR,NOT FOUND,geodata,NOT FOUND — Adzuna API credentials not configured in data_pipeline/.env; live API queries not executed. Zero synthetic estimates permitted.
2024-12-15,doctor_mbbs,career,Doctor,Bengaluru,NOT FOUND,geodata,NOT FOUND — Adzuna API credentials not configured in data_pipeline/.env; live API queries not executed. Zero synthetic estimates permitted.
2024-12-15,doctor_mbbs,career,Doctor,Hyderabad,NOT FOUND,geodata,NOT FOUND — Adzuna API credentials not configured in data_pipeline/.env; live API queries not executed. Zero synthetic estimates permitted.
2024-12-15,doctor_mbbs,career,Doctor,Chennai,NOT FOUND,geodata,NOT FOUND — Adzuna API credentials not configured in data_pipeline/.env; live API queries not executed. Zero synthetic estimates permitted.
2024-12-15,doctor_mbbs,career,Doctor,Pune,NOT FOUND,geodata,NOT FOUND — Adzuna API credentials not configured in data_pipeline/.env; live API queries not executed. Zero synthetic estimates permitted.
2024-12-15,doctor_mbbs,career,Doctor,Mumbai,NOT FOUND,geodata,NOT FOUND — Adzuna API credentials not configured in data_pipeline/.env; live API queries not executed. Zero synthetic estimates permitted.
2024-12-15,doctor_mbbs,career,Doctor,Delhi NCR,NOT FOUND,geodata,NOT FOUND — Adzuna API credentials not configured in data_pipeline/.env; live API queries not executed. Zero synthetic estimates permitted.
2024-12-15,data_scientist,career,Data Scientist,Bengaluru,NOT FOUND,geodata,NOT FOUND — Adzuna API credentials not configured in data_pipeline/.env; live API queries not executed. Zero synthetic estimates permitted.
2024-12-15,data_scientist,career,Data Scientist,Hyderabad,NOT FOUND,geodata,NOT FOUND — Adzuna API credentials not configured in data_pipeline/.env; live API queries not executed. Zero synthetic estimates permitted.
2024-12-15,data_scientist,career,Data Scientist,Chennai,NOT FOUND,geodata,NOT FOUND — Adzuna API credentials not configured in data_pipeline/.env; live API queries not executed. Zero synthetic estimates permitted.
2024-12-15,data_scientist,career,Data Scientist,Pune,NOT FOUND,geodata,NOT FOUND — Adzuna API credentials not configured in data_pipeline/.env; live API queries not executed. Zero synthetic estimates permitted.
2024-12-15,data_scientist,career,Data Scientist,Mumbai,NOT FOUND,geodata,NOT FOUND — Adzuna API credentials not configured in data_pipeline/.env; live API queries not executed. Zero synthetic estimates permitted.
2024-12-15,data_scientist,career,Data Scientist,Delhi NCR,NOT FOUND,geodata,NOT FOUND — Adzuna API credentials not configured in data_pipeline/.env; live API queries not executed. Zero synthetic estimates permitted.
2024-12-15,data_analyst,career,Data Analyst,Bengaluru,NOT FOUND,geodata,NOT FOUND — Adzuna API credentials not configured in data_pipeline/.env; live API queries not executed. Zero synthetic estimates permitted.
2024-12-15,data_analyst,career,Data Analyst,Hyderabad,NOT FOUND,geodata,NOT FOUND — Adzuna API credentials not configured in data_pipeline/.env; live API queries not executed. Zero synthetic estimates permitted.
2024-12-15,data_analyst,career,Data Analyst,Chennai,NOT FOUND,geodata,NOT FOUND — Adzuna API credentials not configured in data_pipeline/.env; live API queries not executed. Zero synthetic estimates permitted.
2024-12-15,data_analyst,career,Data Analyst,Pune,NOT FOUND,geodata,NOT FOUND — Adzuna API credentials not configured in data_pipeline/.env; live API queries not executed. Zero synthetic estimates permitted.
2024-12-15,data_analyst,career,Data Analyst,Mumbai,NOT FOUND,geodata,NOT FOUND — Adzuna API credentials not configured in data_pipeline/.env; live API queries not executed. Zero synthetic estimates permitted.
2024-12-15,data_analyst,career,Data Analyst,Delhi NCR,NOT FOUND,geodata,NOT FOUND — Adzuna API credentials not configured in data_pipeline/.env; live API queries not executed. Zero synthetic estimates permitted.
2024-12-15,mechanical_engineer,career,Mechanical Engineer,Bengaluru,NOT FOUND,geodata,NOT FOUND — Adzuna API credentials not configured in data_pipeline/.env; live API queries not executed. Zero synthetic estimates permitted.
2024-12-15,mechanical_engineer,career,Mechanical Engineer,Hyderabad,NOT FOUND,geodata,NOT FOUND — Adzuna API credentials not configured in data_pipeline/.env; live API queries not executed. Zero synthetic estimates permitted.
2024-12-15,mechanical_engineer,career,Mechanical Engineer,Chennai,NOT FOUND,geodata,NOT FOUND — Adzuna API credentials not configured in data_pipeline/.env; live API queries not executed. Zero synthetic estimates permitted.
2024-12-15,mechanical_engineer,career,Mechanical Engineer,Pune,NOT FOUND,geodata,NOT FOUND — Adzuna API credentials not configured in data_pipeline/.env; live API queries not executed. Zero synthetic estimates permitted.
2024-12-15,mechanical_engineer,career,Mechanical Engineer,Mumbai,NOT FOUND,geodata,NOT FOUND — Adzuna API credentials not configured in data_pipeline/.env; live API queries not executed. Zero synthetic estimates permitted.
2024-12-15,mechanical_engineer,career,Mechanical Engineer,Delhi NCR,NOT FOUND,geodata,NOT FOUND — Adzuna API credentials not configured in data_pipeline/.env; live API queries not executed. Zero synthetic estimates permitted.
2024-12-15,electrical_engineer,career,Electrical Engineer,Bengaluru,NOT FOUND,geodata,NOT FOUND — Adzuna API credentials not configured in data_pipeline/.env; live API queries not executed. Zero synthetic estimates permitted.
2024-12-15,electrical_engineer,career,Electrical Engineer,Hyderabad,NOT FOUND,geodata,NOT FOUND — Adzuna API credentials not configured in data_pipeline/.env; live API queries not executed. Zero synthetic estimates permitted.
2024-12-15,electrical_engineer,career,Electrical Engineer,Chennai,NOT FOUND,geodata,NOT FOUND — Adzuna API credentials not configured in data_pipeline/.env; live API queries not executed. Zero synthetic estimates permitted.
2024-12-15,electrical_engineer,career,Electrical Engineer,Pune,NOT FOUND,geodata,NOT FOUND — Adzuna API credentials not configured in data_pipeline/.env; live API queries not executed. Zero synthetic estimates permitted.
2024-12-15,electrical_engineer,career,Electrical Engineer,Mumbai,NOT FOUND,geodata,NOT FOUND — Adzuna API credentials not configured in data_pipeline/.env; live API queries not executed. Zero synthetic estimates permitted.
2024-12-15,electrical_engineer,career,Electrical Engineer,Delhi NCR,NOT FOUND,geodata,NOT FOUND — Adzuna API credentials not configured in data_pipeline/.env; live API queries not executed. Zero synthetic estimates permitted.
2024-12-15,electronics_engineer,career,Electronics Engineer,Bengaluru,NOT FOUND,geodata,NOT FOUND — Adzuna API credentials not configured in data_pipeline/.env; live API queries not executed. Zero synthetic estimates permitted.
2024-12-15,electronics_engineer,career,Electronics Engineer,Hyderabad,NOT FOUND,geodata,NOT FOUND — Adzuna API credentials not configured in data_pipeline/.env; live API queries not executed. Zero synthetic estimates permitted.
2024-12-15,electronics_engineer,career,Electronics Engineer,Chennai,NOT FOUND,geodata,NOT FOUND — Adzuna API credentials not configured in data_pipeline/.env; live API queries not executed. Zero synthetic estimates permitted.
2024-12-15,electronics_engineer,career,Electronics Engineer,Pune,NOT FOUND,geodata,NOT FOUND — Adzuna API credentials not configured in data_pipeline/.env; live API queries not executed. Zero synthetic estimates permitted.
2024-12-15,electronics_engineer,career,Electronics Engineer,Mumbai,NOT FOUND,geodata,NOT FOUND — Adzuna API credentials not configured in data_pipeline/.env; live API queries not executed. Zero synthetic estimates permitted.
2024-12-15,electronics_engineer,career,Electronics Engineer,Delhi NCR,NOT FOUND,geodata,NOT FOUND — Adzuna API credentials not configured in data_pipeline/.env; live API queries not executed. Zero synthetic estimates permitted.
2024-12-15,chemical_engineer,career,Chemical Engineer,Bengaluru,NOT FOUND,geodata,NOT FOUND — Adzuna API credentials not configured in data_pipeline/.env; live API queries not executed. Zero synthetic estimates permitted.
2024-12-15,chemical_engineer,career,Chemical Engineer,Hyderabad,NOT FOUND,geodata,NOT FOUND — Adzuna API credentials not configured in data_pipeline/.env; live API queries not executed. Zero synthetic estimates permitted.
2024-12-15,chemical_engineer,career,Chemical Engineer,Chennai,NOT FOUND,geodata,NOT FOUND — Adzuna API credentials not configured in data_pipeline/.env; live API queries not executed. Zero synthetic estimates permitted.
2024-12-15,chemical_engineer,career,Chemical Engineer,Pune,NOT FOUND,geodata,NOT FOUND — Adzuna API credentials not configured in data_pipeline/.env; live API queries not executed. Zero synthetic estimates permitted.
2024-12-15,chemical_engineer,career,Chemical Engineer,Mumbai,NOT FOUND,geodata,NOT FOUND — Adzuna API credentials not configured in data_pipeline/.env; live API queries not executed. Zero synthetic estimates permitted.
2024-12-15,chemical_engineer,career,Chemical Engineer,Delhi NCR,NOT FOUND,geodata,NOT FOUND — Adzuna API credentials not configured in data_pipeline/.env; live API queries not executed. Zero synthetic estimates permitted.
2024-12-15,aerospace_engineer,career,Aerospace Engineer,Bengaluru,NOT FOUND,geodata,NOT FOUND — Adzuna API credentials not configured in data_pipeline/.env; live API queries not executed. Zero synthetic estimates permitted.
2024-12-15,aerospace_engineer,career,Aerospace Engineer,Hyderabad,NOT FOUND,geodata,NOT FOUND — Adzuna API credentials not configured in data_pipeline/.env; live API queries not executed. Zero synthetic estimates permitted.
2024-12-15,aerospace_engineer,career,Aerospace Engineer,Chennai,NOT FOUND,geodata,NOT FOUND — Adzuna API credentials not configured in data_pipeline/.env; live API queries not executed. Zero synthetic estimates permitted.
2024-12-15,aerospace_engineer,career,Aerospace Engineer,Pune,NOT FOUND,geodata,NOT FOUND — Adzuna API credentials not configured in data_pipeline/.env; live API queries not executed. Zero synthetic estimates permitted.
2024-12-15,aerospace_engineer,career,Aerospace Engineer,Mumbai,NOT FOUND,geodata,NOT FOUND — Adzuna API credentials not configured in data_pipeline/.env; live API queries not executed. Zero synthetic estimates permitted.
2024-12-15,aerospace_engineer,career,Aerospace Engineer,Delhi NCR,NOT FOUND,geodata,NOT FOUND — Adzuna API credentials not configured in data_pipeline/.env; live API queries not executed. Zero synthetic estimates permitted.
2024-12-15,biomedical_engineer,career,Biomedical Engineer,Bengaluru,NOT FOUND,geodata,NOT FOUND — Adzuna API credentials not configured in data_pipeline/.env; live API queries not executed. Zero synthetic estimates permitted.
2024-12-15,biomedical_engineer,career,Biomedical Engineer,Hyderabad,NOT FOUND,geodata,NOT FOUND — Adzuna API credentials not configured in data_pipeline/.env; live API queries not executed. Zero synthetic estimates permitted.
2024-12-15,biomedical_engineer,career,Biomedical Engineer,Chennai,NOT FOUND,geodata,NOT FOUND — Adzuna API credentials not configured in data_pipeline/.env; live API queries not executed. Zero synthetic estimates permitted.
2024-12-15,biomedical_engineer,career,Biomedical Engineer,Pune,NOT FOUND,geodata,NOT FOUND — Adzuna API credentials not configured in data_pipeline/.env; live API queries not executed. Zero synthetic estimates permitted.
2024-12-15,biomedical_engineer,career,Biomedical Engineer,Mumbai,NOT FOUND,geodata,NOT FOUND — Adzuna API credentials not configured in data_pipeline/.env; live API queries not executed. Zero synthetic estimates permitted.
2024-12-15,biomedical_engineer,career,Biomedical Engineer,Delhi NCR,NOT FOUND,geodata,NOT FOUND — Adzuna API credentials not configured in data_pipeline/.env; live API queries not executed. Zero synthetic estimates permitted.
2024-12-15,cybersecurity_analyst,career,Cybersecurity Analyst,Bengaluru,NOT FOUND,geodata,NOT FOUND — Adzuna API credentials not configured in data_pipeline/.env; live API queries not executed. Zero synthetic estimates permitted.
2024-12-15,cybersecurity_analyst,career,Cybersecurity Analyst,Hyderabad,NOT FOUND,geodata,NOT FOUND — Adzuna API credentials not configured in data_pipeline/.env; live API queries not executed. Zero synthetic estimates permitted.
2024-12-15,cybersecurity_analyst,career,Cybersecurity Analyst,Chennai,NOT FOUND,geodata,NOT FOUND — Adzuna API credentials not configured in data_pipeline/.env; live API queries not executed. Zero synthetic estimates permitted.
2024-12-15,cybersecurity_analyst,career,Cybersecurity Analyst,Pune,NOT FOUND,geodata,NOT FOUND — Adzuna API credentials not configured in data_pipeline/.env; live API queries not executed. Zero synthetic estimates permitted.
2024-12-15,cybersecurity_analyst,career,Cybersecurity Analyst,Mumbai,NOT FOUND,geodata,NOT FOUND — Adzuna API credentials not configured in data_pipeline/.env; live API queries not executed. Zero synthetic estimates permitted.
2024-12-15,cybersecurity_analyst,career,Cybersecurity Analyst,Delhi NCR,NOT FOUND,geodata,NOT FOUND — Adzuna API credentials not configured in data_pipeline/.env; live API queries not executed. Zero synthetic estimates permitted.
2024-12-15,cloud_solutions_architect,career,Cloud Solutions Architect,Bengaluru,NOT FOUND,geodata,NOT FOUND — Adzuna API credentials not configured in data_pipeline/.env; live API queries not executed. Zero synthetic estimates permitted.
2024-12-15,cloud_solutions_architect,career,Cloud Solutions Architect,Hyderabad,NOT FOUND,geodata,NOT FOUND — Adzuna API credentials not configured in data_pipeline/.env; live API queries not executed. Zero synthetic estimates permitted.
2024-12-15,cloud_solutions_architect,career,Cloud Solutions Architect,Chennai,NOT FOUND,geodata,NOT FOUND — Adzuna API credentials not configured in data_pipeline/.env; live API queries not executed. Zero synthetic estimates permitted.
2024-12-15,cloud_solutions_architect,career,Cloud Solutions Architect,Pune,NOT FOUND,geodata,NOT FOUND — Adzuna API credentials not configured in data_pipeline/.env; live API queries not executed. Zero synthetic estimates permitted.
2024-12-15,cloud_solutions_architect,career,Cloud Solutions Architect,Mumbai,NOT FOUND,geodata,NOT FOUND — Adzuna API credentials not configured in data_pipeline/.env; live API queries not executed. Zero synthetic estimates permitted.
2024-12-15,cloud_solutions_architect,career,Cloud Solutions Architect,Delhi NCR,NOT FOUND,geodata,NOT FOUND — Adzuna API credentials not configured in data_pipeline/.env; live API queries not executed. Zero synthetic estimates permitted.
2024-12-15,devops_engineer,career,DevOps Engineer,Bengaluru,NOT FOUND,geodata,NOT FOUND — Adzuna API credentials not configured in data_pipeline/.env; live API queries not executed. Zero synthetic estimates permitted.
2024-12-15,devops_engineer,career,DevOps Engineer,Hyderabad,NOT FOUND,geodata,NOT FOUND — Adzuna API credentials not configured in data_pipeline/.env; live API queries not executed. Zero synthetic estimates permitted.
2024-12-15,devops_engineer,career,DevOps Engineer,Chennai,NOT FOUND,geodata,NOT FOUND — Adzuna API credentials not configured in data_pipeline/.env; live API queries not executed. Zero synthetic estimates permitted.
2024-12-15,devops_engineer,career,DevOps Engineer,Pune,NOT FOUND,geodata,NOT FOUND — Adzuna API credentials not configured in data_pipeline/.env; live API queries not executed. Zero synthetic estimates permitted.
2024-12-15,devops_engineer,career,DevOps Engineer,Mumbai,NOT FOUND,geodata,NOT FOUND — Adzuna API credentials not configured in data_pipeline/.env; live API queries not executed. Zero synthetic estimates permitted.
2024-12-15,devops_engineer,career,DevOps Engineer,Delhi NCR,NOT FOUND,geodata,NOT FOUND — Adzuna API credentials not configured in data_pipeline/.env; live API queries not executed. Zero synthetic estimates permitted.
2024-12-15,product_manager,career,Product Manager,Bengaluru,NOT FOUND,geodata,NOT FOUND — Adzuna API credentials not configured in data_pipeline/.env; live API queries not executed. Zero synthetic estimates permitted.
2024-12-15,product_manager,career,Product Manager,Hyderabad,NOT FOUND,geodata,NOT FOUND — Adzuna API credentials not configured in data_pipeline/.env; live API queries not executed. Zero synthetic estimates permitted.
2024-12-15,product_manager,career,Product Manager,Chennai,NOT FOUND,geodata,NOT FOUND — Adzuna API credentials not configured in data_pipeline/.env; live API queries not executed. Zero synthetic estimates permitted.
2024-12-15,product_manager,career,Product Manager,Pune,NOT FOUND,geodata,NOT FOUND — Adzuna API credentials not configured in data_pipeline/.env; live API queries not executed. Zero synthetic estimates permitted.
2024-12-15,product_manager,career,Product Manager,Mumbai,NOT FOUND,geodata,NOT FOUND — Adzuna API credentials not configured in data_pipeline/.env; live API queries not executed. Zero synthetic estimates permitted.
2024-12-15,product_manager,career,Product Manager,Delhi NCR,NOT FOUND,geodata,NOT FOUND — Adzuna API credentials not configured in data_pipeline/.env; live API queries not executed. Zero synthetic estimates permitted.
2024-12-15,investment_banker,career,Investment Banker,Bengaluru,NOT FOUND,geodata,NOT FOUND — Adzuna API credentials not configured in data_pipeline/.env; live API queries not executed. Zero synthetic estimates permitted.
2024-12-15,investment_banker,career,Investment Banker,Hyderabad,NOT FOUND,geodata,NOT FOUND — Adzuna API credentials not configured in data_pipeline/.env; live API queries not executed. Zero synthetic estimates permitted.
2024-12-15,investment_banker,career,Investment Banker,Chennai,NOT FOUND,geodata,NOT FOUND — Adzuna API credentials not configured in data_pipeline/.env; live API queries not executed. Zero synthetic estimates permitted.
2024-12-15,investment_banker,career,Investment Banker,Pune,NOT FOUND,geodata,NOT FOUND — Adzuna API credentials not configured in data_pipeline/.env; live API queries not executed. Zero synthetic estimates permitted.
2024-12-15,investment_banker,career,Investment Banker,Mumbai,NOT FOUND,geodata,NOT FOUND — Adzuna API credentials not configured in data_pipeline/.env; live API queries not executed. Zero synthetic estimates permitted.
2024-12-15,investment_banker,career,Investment Banker,Delhi NCR,NOT FOUND,geodata,NOT FOUND — Adzuna API credentials not configured in data_pipeline/.env; live API queries not executed. Zero synthetic estimates permitted.
2024-12-15,chartered_accountant,career,Chartered Accountant,Bengaluru,NOT FOUND,geodata,NOT FOUND — Adzuna API credentials not configured in data_pipeline/.env; live API queries not executed. Zero synthetic estimates permitted.
2024-12-15,chartered_accountant,career,Chartered Accountant,Hyderabad,NOT FOUND,geodata,NOT FOUND — Adzuna API credentials not configured in data_pipeline/.env; live API queries not executed. Zero synthetic estimates permitted.
2024-12-15,chartered_accountant,career,Chartered Accountant,Chennai,NOT FOUND,geodata,NOT FOUND — Adzuna API credentials not configured in data_pipeline/.env; live API queries not executed. Zero synthetic estimates permitted.
2024-12-15,chartered_accountant,career,Chartered Accountant,Pune,NOT FOUND,geodata,NOT FOUND — Adzuna API credentials not configured in data_pipeline/.env; live API queries not executed. Zero synthetic estimates permitted.
2024-12-15,chartered_accountant,career,Chartered Accountant,Mumbai,NOT FOUND,geodata,NOT FOUND — Adzuna API credentials not configured in data_pipeline/.env; live API queries not executed. Zero synthetic estimates permitted.
2024-12-15,chartered_accountant,career,Chartered Accountant,Delhi NCR,NOT FOUND,geodata,NOT FOUND — Adzuna API credentials not configured in data_pipeline/.env; live API queries not executed. Zero synthetic estimates permitted.
2024-12-15,financial_analyst,career,Financial Analyst,Bengaluru,NOT FOUND,geodata,NOT FOUND — Adzuna API credentials not configured in data_pipeline/.env; live API queries not executed. Zero synthetic estimates permitted.
2024-12-15,financial_analyst,career,Financial Analyst,Hyderabad,NOT FOUND,geodata,NOT FOUND — Adzuna API credentials not configured in data_pipeline/.env; live API queries not executed. Zero synthetic estimates permitted.
2024-12-15,financial_analyst,career,Financial Analyst,Chennai,NOT FOUND,geodata,NOT FOUND — Adzuna API credentials not configured in data_pipeline/.env; live API queries not executed. Zero synthetic estimates permitted.
2024-12-15,financial_analyst,career,Financial Analyst,Pune,NOT FOUND,geodata,NOT FOUND — Adzuna API credentials not configured in data_pipeline/.env; live API queries not executed. Zero synthetic estimates permitted.
2024-12-15,financial_analyst,career,Financial Analyst,Mumbai,NOT FOUND,geodata,NOT FOUND — Adzuna API credentials not configured in data_pipeline/.env; live API queries not executed. Zero synthetic estimates permitted.
2024-12-15,financial_analyst,career,Financial Analyst,Delhi NCR,NOT FOUND,geodata,NOT FOUND — Adzuna API credentials not configured in data_pipeline/.env; live API queries not executed. Zero synthetic estimates permitted.
2024-12-15,management_consultant,career,Management Consultant,Bengaluru,NOT FOUND,geodata,NOT FOUND — Adzuna API credentials not configured in data_pipeline/.env; live API queries not executed. Zero synthetic estimates permitted.
2024-12-15,management_consultant,career,Management Consultant,Hyderabad,NOT FOUND,geodata,NOT FOUND — Adzuna API credentials not configured in data_pipeline/.env; live API queries not executed. Zero synthetic estimates permitted.
2024-12-15,management_consultant,career,Management Consultant,Chennai,NOT FOUND,geodata,NOT FOUND — Adzuna API credentials not configured in data_pipeline/.env; live API queries not executed. Zero synthetic estimates permitted.
2024-12-15,management_consultant,career,Management Consultant,Pune,NOT FOUND,geodata,NOT FOUND — Adzuna API credentials not configured in data_pipeline/.env; live API queries not executed. Zero synthetic estimates permitted.
2024-12-15,management_consultant,career,Management Consultant,Mumbai,NOT FOUND,geodata,NOT FOUND — Adzuna API credentials not configured in data_pipeline/.env; live API queries not executed. Zero synthetic estimates permitted.
2024-12-15,management_consultant,career,Management Consultant,Delhi NCR,NOT FOUND,geodata,NOT FOUND — Adzuna API credentials not configured in data_pipeline/.env; live API queries not executed. Zero synthetic estimates permitted.
2024-12-15,human_resources_specialist,career,HR Generalist,Bengaluru,NOT FOUND,geodata,NOT FOUND — Adzuna API credentials not configured in data_pipeline/.env; live API queries not executed. Zero synthetic estimates permitted.
2024-12-15,human_resources_specialist,career,HR Generalist,Hyderabad,NOT FOUND,geodata,NOT FOUND — Adzuna API credentials not configured in data_pipeline/.env; live API queries not executed. Zero synthetic estimates permitted.
2024-12-15,human_resources_specialist,career,HR Generalist,Chennai,NOT FOUND,geodata,NOT FOUND — Adzuna API credentials not configured in data_pipeline/.env; live API queries not executed. Zero synthetic estimates permitted.
2024-12-15,human_resources_specialist,career,HR Generalist,Pune,NOT FOUND,geodata,NOT FOUND — Adzuna API credentials not configured in data_pipeline/.env; live API queries not executed. Zero synthetic estimates permitted.
2024-12-15,human_resources_specialist,career,HR Generalist,Mumbai,NOT FOUND,geodata,NOT FOUND — Adzuna API credentials not configured in data_pipeline/.env; live API queries not executed. Zero synthetic estimates permitted.
2024-12-15,human_resources_specialist,career,HR Generalist,Delhi NCR,NOT FOUND,geodata,NOT FOUND — Adzuna API credentials not configured in data_pipeline/.env; live API queries not executed. Zero synthetic estimates permitted.
2024-12-15,marketing_manager,career,Marketing Manager,Bengaluru,NOT FOUND,geodata,NOT FOUND — Adzuna API credentials not configured in data_pipeline/.env; live API queries not executed. Zero synthetic estimates permitted.
2024-12-15,marketing_manager,career,Marketing Manager,Hyderabad,NOT FOUND,geodata,NOT FOUND — Adzuna API credentials not configured in data_pipeline/.env; live API queries not executed. Zero synthetic estimates permitted.
2024-12-15,marketing_manager,career,Marketing Manager,Chennai,NOT FOUND,geodata,NOT FOUND — Adzuna API credentials not configured in data_pipeline/.env; live API queries not executed. Zero synthetic estimates permitted.
2024-12-15,marketing_manager,career,Marketing Manager,Pune,NOT FOUND,geodata,NOT FOUND — Adzuna API credentials not configured in data_pipeline/.env; live API queries not executed. Zero synthetic estimates permitted.
2024-12-15,marketing_manager,career,Marketing Manager,Mumbai,NOT FOUND,geodata,NOT FOUND — Adzuna API credentials not configured in data_pipeline/.env; live API queries not executed. Zero synthetic estimates permitted.
2024-12-15,marketing_manager,career,Marketing Manager,Delhi NCR,NOT FOUND,geodata,NOT FOUND — Adzuna API credentials not configured in data_pipeline/.env; live API queries not executed. Zero synthetic estimates permitted.
2024-12-15,digital_marketing_specialist,career,Digital Marketing Specialist,Bengaluru,NOT FOUND,geodata,NOT FOUND — Adzuna API credentials not configured in data_pipeline/.env; live API queries not executed. Zero synthetic estimates permitted.
2024-12-15,digital_marketing_specialist,career,Digital Marketing Specialist,Hyderabad,NOT FOUND,geodata,NOT FOUND — Adzuna API credentials not configured in data_pipeline/.env; live API queries not executed. Zero synthetic estimates permitted.
2024-12-15,digital_marketing_specialist,career,Digital Marketing Specialist,Chennai,NOT FOUND,geodata,NOT FOUND — Adzuna API credentials not configured in data_pipeline/.env; live API queries not executed. Zero synthetic estimates permitted.
2024-12-15,digital_marketing_specialist,career,Digital Marketing Specialist,Pune,NOT FOUND,geodata,NOT FOUND — Adzuna API credentials not configured in data_pipeline/.env; live API queries not executed. Zero synthetic estimates permitted.
2024-12-15,digital_marketing_specialist,career,Digital Marketing Specialist,Mumbai,NOT FOUND,geodata,NOT FOUND — Adzuna API credentials not configured in data_pipeline/.env; live API queries not executed. Zero synthetic estimates permitted.
2024-12-15,digital_marketing_specialist,career,Digital Marketing Specialist,Delhi NCR,NOT FOUND,geodata,NOT FOUND — Adzuna API credentials not configured in data_pipeline/.env; live API queries not executed. Zero synthetic estimates permitted.
2024-12-15,operations_manager,career,Operations Manager,Bengaluru,NOT FOUND,geodata,NOT FOUND — Adzuna API credentials not configured in data_pipeline/.env; live API queries not executed. Zero synthetic estimates permitted.
2024-12-15,operations_manager,career,Operations Manager,Hyderabad,NOT FOUND,geodata,NOT FOUND — Adzuna API credentials not configured in data_pipeline/.env; live API queries not executed. Zero synthetic estimates permitted.
2024-12-15,operations_manager,career,Operations Manager,Chennai,NOT FOUND,geodata,NOT FOUND — Adzuna API credentials not configured in data_pipeline/.env; live API queries not executed. Zero synthetic estimates permitted.
2024-12-15,operations_manager,career,Operations Manager,Pune,NOT FOUND,geodata,NOT FOUND — Adzuna API credentials not configured in data_pipeline/.env; live API queries not executed. Zero synthetic estimates permitted.
2024-12-15,operations_manager,career,Operations Manager,Mumbai,NOT FOUND,geodata,NOT FOUND — Adzuna API credentials not configured in data_pipeline/.env; live API queries not executed. Zero synthetic estimates permitted.
2024-12-15,operations_manager,career,Operations Manager,Delhi NCR,NOT FOUND,geodata,NOT FOUND — Adzuna API credentials not configured in data_pipeline/.env; live API queries not executed. Zero synthetic estimates permitted.
2024-12-15,commercial_pilot,career,Commercial Pilot,Bengaluru,NOT FOUND,geodata,NOT FOUND — Adzuna API credentials not configured in data_pipeline/.env; live API queries not executed. Zero synthetic estimates permitted.
2024-12-15,commercial_pilot,career,Commercial Pilot,Hyderabad,NOT FOUND,geodata,NOT FOUND — Adzuna API credentials not configured in data_pipeline/.env; live API queries not executed. Zero synthetic estimates permitted.
2024-12-15,commercial_pilot,career,Commercial Pilot,Chennai,NOT FOUND,geodata,NOT FOUND — Adzuna API credentials not configured in data_pipeline/.env; live API queries not executed. Zero synthetic estimates permitted.
2024-12-15,commercial_pilot,career,Commercial Pilot,Pune,NOT FOUND,geodata,NOT FOUND — Adzuna API credentials not configured in data_pipeline/.env; live API queries not executed. Zero synthetic estimates permitted.
2024-12-15,commercial_pilot,career,Commercial Pilot,Mumbai,NOT FOUND,geodata,NOT FOUND — Adzuna API credentials not configured in data_pipeline/.env; live API queries not executed. Zero synthetic estimates permitted.
2024-12-15,commercial_pilot,career,Commercial Pilot,Delhi NCR,NOT FOUND,geodata,NOT FOUND — Adzuna API credentials not configured in data_pipeline/.env; live API queries not executed. Zero synthetic estimates permitted.
2024-12-15,lawyer_corporate,career,Corporate Lawyer,Bengaluru,NOT FOUND,geodata,NOT FOUND — Adzuna API credentials not configured in data_pipeline/.env; live API queries not executed. Zero synthetic estimates permitted.
2024-12-15,lawyer_corporate,career,Corporate Lawyer,Hyderabad,NOT FOUND,geodata,NOT FOUND — Adzuna API credentials not configured in data_pipeline/.env; live API queries not executed. Zero synthetic estimates permitted.
2024-12-15,lawyer_corporate,career,Corporate Lawyer,Chennai,NOT FOUND,geodata,NOT FOUND — Adzuna API credentials not configured in data_pipeline/.env; live API queries not executed. Zero synthetic estimates permitted.
2024-12-15,lawyer_corporate,career,Corporate Lawyer,Pune,NOT FOUND,geodata,NOT FOUND — Adzuna API credentials not configured in data_pipeline/.env; live API queries not executed. Zero synthetic estimates permitted.
2024-12-15,lawyer_corporate,career,Corporate Lawyer,Mumbai,NOT FOUND,geodata,NOT FOUND — Adzuna API credentials not configured in data_pipeline/.env; live API queries not executed. Zero synthetic estimates permitted.
2024-12-15,lawyer_corporate,career,Corporate Lawyer,Delhi NCR,NOT FOUND,geodata,NOT FOUND — Adzuna API credentials not configured in data_pipeline/.env; live API queries not executed. Zero synthetic estimates permitted.
2024-12-15,pharmacist,career,Pharmacist,Bengaluru,NOT FOUND,geodata,NOT FOUND — Adzuna API credentials not configured in data_pipeline/.env; live API queries not executed. Zero synthetic estimates permitted.
2024-12-15,pharmacist,career,Pharmacist,Hyderabad,NOT FOUND,geodata,NOT FOUND — Adzuna API credentials not configured in data_pipeline/.env; live API queries not executed. Zero synthetic estimates permitted.
2024-12-15,pharmacist,career,Pharmacist,Chennai,NOT FOUND,geodata,NOT FOUND — Adzuna API credentials not configured in data_pipeline/.env; live API queries not executed. Zero synthetic estimates permitted.
2024-12-15,pharmacist,career,Pharmacist,Pune,NOT FOUND,geodata,NOT FOUND — Adzuna API credentials not configured in data_pipeline/.env; live API queries not executed. Zero synthetic estimates permitted.
2024-12-15,pharmacist,career,Pharmacist,Mumbai,NOT FOUND,geodata,NOT FOUND — Adzuna API credentials not configured in data_pipeline/.env; live API queries not executed. Zero synthetic estimates permitted.
2024-12-15,pharmacist,career,Pharmacist,Delhi NCR,NOT FOUND,geodata,NOT FOUND — Adzuna API credentials not configured in data_pipeline/.env; live API queries not executed. Zero synthetic estimates permitted.
2024-12-15,biotechnologist,career,Biotechnologist,Bengaluru,NOT FOUND,geodata,NOT FOUND — Adzuna API credentials not configured in data_pipeline/.env; live API queries not executed. Zero synthetic estimates permitted.
2024-12-15,biotechnologist,career,Biotechnologist,Hyderabad,NOT FOUND,geodata,NOT FOUND — Adzuna API credentials not configured in data_pipeline/.env; live API queries not executed. Zero synthetic estimates permitted.
2024-12-15,biotechnologist,career,Biotechnologist,Chennai,NOT FOUND,geodata,NOT FOUND — Adzuna API credentials not configured in data_pipeline/.env; live API queries not executed. Zero synthetic estimates permitted.
2024-12-15,biotechnologist,career,Biotechnologist,Pune,NOT FOUND,geodata,NOT FOUND — Adzuna API credentials not configured in data_pipeline/.env; live API queries not executed. Zero synthetic estimates permitted.
2024-12-15,biotechnologist,career,Biotechnologist,Mumbai,NOT FOUND,geodata,NOT FOUND — Adzuna API credentials not configured in data_pipeline/.env; live API queries not executed. Zero synthetic estimates permitted.
2024-12-15,biotechnologist,career,Biotechnologist,Delhi NCR,NOT FOUND,geodata,NOT FOUND — Adzuna API credentials not configured in data_pipeline/.env; live API queries not executed. Zero synthetic estimates permitted.
2024-12-15,environmental_scientist,career,Environmental Scientist,Bengaluru,NOT FOUND,geodata,NOT FOUND — Adzuna API credentials not configured in data_pipeline/.env; live API queries not executed. Zero synthetic estimates permitted.
2024-12-15,environmental_scientist,career,Environmental Scientist,Hyderabad,NOT FOUND,geodata,NOT FOUND — Adzuna API credentials not configured in data_pipeline/.env; live API queries not executed. Zero synthetic estimates permitted.
2024-12-15,environmental_scientist,career,Environmental Scientist,Chennai,NOT FOUND,geodata,NOT FOUND — Adzuna API credentials not configured in data_pipeline/.env; live API queries not executed. Zero synthetic estimates permitted.
2024-12-15,environmental_scientist,career,Environmental Scientist,Pune,NOT FOUND,geodata,NOT FOUND — Adzuna API credentials not configured in data_pipeline/.env; live API queries not executed. Zero synthetic estimates permitted.
2024-12-15,environmental_scientist,career,Environmental Scientist,Mumbai,NOT FOUND,geodata,NOT FOUND — Adzuna API credentials not configured in data_pipeline/.env; live API queries not executed. Zero synthetic estimates permitted.
2024-12-15,environmental_scientist,career,Environmental Scientist,Delhi NCR,NOT FOUND,geodata,NOT FOUND — Adzuna API credentials not configured in data_pipeline/.env; live API queries not executed. Zero synthetic estimates permitted.
2024-12-15,nursing_officer,career,Staff Nurse,Bengaluru,NOT FOUND,geodata,NOT FOUND — Adzuna API credentials not configured in data_pipeline/.env; live API queries not executed. Zero synthetic estimates permitted.
2024-12-15,nursing_officer,career,Staff Nurse,Hyderabad,NOT FOUND,geodata,NOT FOUND — Adzuna API credentials not configured in data_pipeline/.env; live API queries not executed. Zero synthetic estimates permitted.
2024-12-15,nursing_officer,career,Staff Nurse,Chennai,NOT FOUND,geodata,NOT FOUND — Adzuna API credentials not configured in data_pipeline/.env; live API queries not executed. Zero synthetic estimates permitted.
2024-12-15,nursing_officer,career,Staff Nurse,Pune,NOT FOUND,geodata,NOT FOUND — Adzuna API credentials not configured in data_pipeline/.env; live API queries not executed. Zero synthetic estimates permitted.
2024-12-15,nursing_officer,career,Staff Nurse,Mumbai,NOT FOUND,geodata,NOT FOUND — Adzuna API credentials not configured in data_pipeline/.env; live API queries not executed. Zero synthetic estimates permitted.
2024-12-15,nursing_officer,career,Staff Nurse,Delhi NCR,NOT FOUND,geodata,NOT FOUND — Adzuna API credentials not configured in data_pipeline/.env; live API queries not executed. Zero synthetic estimates permitted.
2024-12-15,dentist_bds,career,Dentist,Bengaluru,NOT FOUND,geodata,NOT FOUND — Adzuna API credentials not configured in data_pipeline/.env; live API queries not executed. Zero synthetic estimates permitted.
2024-12-15,dentist_bds,career,Dentist,Hyderabad,NOT FOUND,geodata,NOT FOUND — Adzuna API credentials not configured in data_pipeline/.env; live API queries not executed. Zero synthetic estimates permitted.
2024-12-15,dentist_bds,career,Dentist,Chennai,NOT FOUND,geodata,NOT FOUND — Adzuna API credentials not configured in data_pipeline/.env; live API queries not executed. Zero synthetic estimates permitted.
2024-12-15,dentist_bds,career,Dentist,Pune,NOT FOUND,geodata,NOT FOUND — Adzuna API credentials not configured in data_pipeline/.env; live API queries not executed. Zero synthetic estimates permitted.
2024-12-15,dentist_bds,career,Dentist,Mumbai,NOT FOUND,geodata,NOT FOUND — Adzuna API credentials not configured in data_pipeline/.env; live API queries not executed. Zero synthetic estimates permitted.
2024-12-15,dentist_bds,career,Dentist,Delhi NCR,NOT FOUND,geodata,NOT FOUND — Adzuna API credentials not configured in data_pipeline/.env; live API queries not executed. Zero synthetic estimates permitted.
2024-12-15,physiotherapist,career,Physiotherapist,Bengaluru,NOT FOUND,geodata,NOT FOUND — Adzuna API credentials not configured in data_pipeline/.env; live API queries not executed. Zero synthetic estimates permitted.
2024-12-15,physiotherapist,career,Physiotherapist,Hyderabad,NOT FOUND,geodata,NOT FOUND — Adzuna API credentials not configured in data_pipeline/.env; live API queries not executed. Zero synthetic estimates permitted.
2024-12-15,physiotherapist,career,Physiotherapist,Chennai,NOT FOUND,geodata,NOT FOUND — Adzuna API credentials not configured in data_pipeline/.env; live API queries not executed. Zero synthetic estimates permitted.
2024-12-15,physiotherapist,career,Physiotherapist,Pune,NOT FOUND,geodata,NOT FOUND — Adzuna API credentials not configured in data_pipeline/.env; live API queries not executed. Zero synthetic estimates permitted.
2024-12-15,physiotherapist,career,Physiotherapist,Mumbai,NOT FOUND,geodata,NOT FOUND — Adzuna API credentials not configured in data_pipeline/.env; live API queries not executed. Zero synthetic estimates permitted.
2024-12-15,physiotherapist,career,Physiotherapist,Delhi NCR,NOT FOUND,geodata,NOT FOUND — Adzuna API credentials not configured in data_pipeline/.env; live API queries not executed. Zero synthetic estimates permitted.
2024-12-15,ux_designer,career,UX Designer,Bengaluru,NOT FOUND,geodata,NOT FOUND — Adzuna API credentials not configured in data_pipeline/.env; live API queries not executed. Zero synthetic estimates permitted.
2024-12-15,ux_designer,career,UX Designer,Hyderabad,NOT FOUND,geodata,NOT FOUND — Adzuna API credentials not configured in data_pipeline/.env; live API queries not executed. Zero synthetic estimates permitted.
2024-12-15,ux_designer,career,UX Designer,Chennai,NOT FOUND,geodata,NOT FOUND — Adzuna API credentials not configured in data_pipeline/.env; live API queries not executed. Zero synthetic estimates permitted.
2024-12-15,ux_designer,career,UX Designer,Pune,NOT FOUND,geodata,NOT FOUND — Adzuna API credentials not configured in data_pipeline/.env; live API queries not executed. Zero synthetic estimates permitted.
2024-12-15,ux_designer,career,UX Designer,Mumbai,NOT FOUND,geodata,NOT FOUND — Adzuna API credentials not configured in data_pipeline/.env; live API queries not executed. Zero synthetic estimates permitted.
2024-12-15,ux_designer,career,UX Designer,Delhi NCR,NOT FOUND,geodata,NOT FOUND — Adzuna API credentials not configured in data_pipeline/.env; live API queries not executed. Zero synthetic estimates permitted.
2024-12-15,architect,career,Architect,Bengaluru,NOT FOUND,geodata,NOT FOUND — Adzuna API credentials not configured in data_pipeline/.env; live API queries not executed. Zero synthetic estimates permitted.
2024-12-15,architect,career,Architect,Hyderabad,NOT FOUND,geodata,NOT FOUND — Adzuna API credentials not configured in data_pipeline/.env; live API queries not executed. Zero synthetic estimates permitted.
2024-12-15,architect,career,Architect,Chennai,NOT FOUND,geodata,NOT FOUND — Adzuna API credentials not configured in data_pipeline/.env; live API queries not executed. Zero synthetic estimates permitted.
2024-12-15,architect,career,Architect,Pune,NOT FOUND,geodata,NOT FOUND — Adzuna API credentials not configured in data_pipeline/.env; live API queries not executed. Zero synthetic estimates permitted.
2024-12-15,architect,career,Architect,Mumbai,NOT FOUND,geodata,NOT FOUND — Adzuna API credentials not configured in data_pipeline/.env; live API queries not executed. Zero synthetic estimates permitted.
2024-12-15,architect,career,Architect,Delhi NCR,NOT FOUND,geodata,NOT FOUND — Adzuna API credentials not configured in data_pipeline/.env; live API queries not executed. Zero synthetic estimates permitted.
2024-12-15,graphic_designer,career,Graphic Designer,Bengaluru,NOT FOUND,geodata,NOT FOUND — Adzuna API credentials not configured in data_pipeline/.env; live API queries not executed. Zero synthetic estimates permitted.
2024-12-15,graphic_designer,career,Graphic Designer,Hyderabad,NOT FOUND,geodata,NOT FOUND — Adzuna API credentials not configured in data_pipeline/.env; live API queries not executed. Zero synthetic estimates permitted.
2024-12-15,graphic_designer,career,Graphic Designer,Chennai,NOT FOUND,geodata,NOT FOUND — Adzuna API credentials not configured in data_pipeline/.env; live API queries not executed. Zero synthetic estimates permitted.
2024-12-15,graphic_designer,career,Graphic Designer,Pune,NOT FOUND,geodata,NOT FOUND — Adzuna API credentials not configured in data_pipeline/.env; live API queries not executed. Zero synthetic estimates permitted.
2024-12-15,graphic_designer,career,Graphic Designer,Mumbai,NOT FOUND,geodata,NOT FOUND — Adzuna API credentials not configured in data_pipeline/.env; live API queries not executed. Zero synthetic estimates permitted.
2024-12-15,graphic_designer,career,Graphic Designer,Delhi NCR,NOT FOUND,geodata,NOT FOUND — Adzuna API credentials not configured in data_pipeline/.env; live API queries not executed. Zero synthetic estimates permitted.
2024-12-15,animator_vfx_artist,career,Animator,Bengaluru,NOT FOUND,geodata,NOT FOUND — Adzuna API credentials not configured in data_pipeline/.env; live API queries not executed. Zero synthetic estimates permitted.
2024-12-15,animator_vfx_artist,career,Animator,Hyderabad,NOT FOUND,geodata,NOT FOUND — Adzuna API credentials not configured in data_pipeline/.env; live API queries not executed. Zero synthetic estimates permitted.
2024-12-15,animator_vfx_artist,career,Animator,Chennai,NOT FOUND,geodata,NOT FOUND — Adzuna API credentials not configured in data_pipeline/.env; live API queries not executed. Zero synthetic estimates permitted.
2024-12-15,animator_vfx_artist,career,Animator,Pune,NOT FOUND,geodata,NOT FOUND — Adzuna API credentials not configured in data_pipeline/.env; live API queries not executed. Zero synthetic estimates permitted.
2024-12-15,animator_vfx_artist,career,Animator,Mumbai,NOT FOUND,geodata,NOT FOUND — Adzuna API credentials not configured in data_pipeline/.env; live API queries not executed. Zero synthetic estimates permitted.
2024-12-15,animator_vfx_artist,career,Animator,Delhi NCR,NOT FOUND,geodata,NOT FOUND — Adzuna API credentials not configured in data_pipeline/.env; live API queries not executed. Zero synthetic estimates permitted.
2024-12-15,game_developer,career,Game Developer,Bengaluru,NOT FOUND,geodata,NOT FOUND — Adzuna API credentials not configured in data_pipeline/.env; live API queries not executed. Zero synthetic estimates permitted.
2024-12-15,game_developer,career,Game Developer,Hyderabad,NOT FOUND,geodata,NOT FOUND — Adzuna API credentials not configured in data_pipeline/.env; live API queries not executed. Zero synthetic estimates permitted.
2024-12-15,game_developer,career,Game Developer,Chennai,NOT FOUND,geodata,NOT FOUND — Adzuna API credentials not configured in data_pipeline/.env; live API queries not executed. Zero synthetic estimates permitted.
2024-12-15,game_developer,career,Game Developer,Pune,NOT FOUND,geodata,NOT FOUND — Adzuna API credentials not configured in data_pipeline/.env; live API queries not executed. Zero synthetic estimates permitted.
2024-12-15,game_developer,career,Game Developer,Mumbai,NOT FOUND,geodata,NOT FOUND — Adzuna API credentials not configured in data_pipeline/.env; live API queries not executed. Zero synthetic estimates permitted.
2024-12-15,game_developer,career,Game Developer,Delhi NCR,NOT FOUND,geodata,NOT FOUND — Adzuna API credentials not configured in data_pipeline/.env; live API queries not executed. Zero synthetic estimates permitted.
2024-12-15,industrial_designer,career,Industrial Designer,Bengaluru,NOT FOUND,geodata,NOT FOUND — Adzuna API credentials not configured in data_pipeline/.env; live API queries not executed. Zero synthetic estimates permitted.
2024-12-15,industrial_designer,career,Industrial Designer,Hyderabad,NOT FOUND,geodata,NOT FOUND — Adzuna API credentials not configured in data_pipeline/.env; live API queries not executed. Zero synthetic estimates permitted.
2024-12-15,industrial_designer,career,Industrial Designer,Chennai,NOT FOUND,geodata,NOT FOUND — Adzuna API credentials not configured in data_pipeline/.env; live API queries not executed. Zero synthetic estimates permitted.
2024-12-15,industrial_designer,career,Industrial Designer,Pune,NOT FOUND,geodata,NOT FOUND — Adzuna API credentials not configured in data_pipeline/.env; live API queries not executed. Zero synthetic estimates permitted.
2024-12-15,industrial_designer,career,Industrial Designer,Mumbai,NOT FOUND,geodata,NOT FOUND — Adzuna API credentials not configured in data_pipeline/.env; live API queries not executed. Zero synthetic estimates permitted.
2024-12-15,industrial_designer,career,Industrial Designer,Delhi NCR,NOT FOUND,geodata,NOT FOUND — Adzuna API credentials not configured in data_pipeline/.env; live API queries not executed. Zero synthetic estimates permitted.
2024-12-15,video_editor,career,Video Editor,Bengaluru,NOT FOUND,geodata,NOT FOUND — Adzuna API credentials not configured in data_pipeline/.env; live API queries not executed. Zero synthetic estimates permitted.
2024-12-15,video_editor,career,Video Editor,Hyderabad,NOT FOUND,geodata,NOT FOUND — Adzuna API credentials not configured in data_pipeline/.env; live API queries not executed. Zero synthetic estimates permitted.
2024-12-15,video_editor,career,Video Editor,Chennai,NOT FOUND,geodata,NOT FOUND — Adzuna API credentials not configured in data_pipeline/.env; live API queries not executed. Zero synthetic estimates permitted.
2024-12-15,video_editor,career,Video Editor,Pune,NOT FOUND,geodata,NOT FOUND — Adzuna API credentials not configured in data_pipeline/.env; live API queries not executed. Zero synthetic estimates permitted.
2024-12-15,video_editor,career,Video Editor,Mumbai,NOT FOUND,geodata,NOT FOUND — Adzuna API credentials not configured in data_pipeline/.env; live API queries not executed. Zero synthetic estimates permitted.
2024-12-15,video_editor,career,Video Editor,Delhi NCR,NOT FOUND,geodata,NOT FOUND — Adzuna API credentials not configured in data_pipeline/.env; live API queries not executed. Zero synthetic estimates permitted.
2024-12-15,fashion_designer,career,Fashion Designer,Bengaluru,NOT FOUND,geodata,NOT FOUND — Adzuna API credentials not configured in data_pipeline/.env; live API queries not executed. Zero synthetic estimates permitted.
2024-12-15,fashion_designer,career,Fashion Designer,Hyderabad,NOT FOUND,geodata,NOT FOUND — Adzuna API credentials not configured in data_pipeline/.env; live API queries not executed. Zero synthetic estimates permitted.
2024-12-15,fashion_designer,career,Fashion Designer,Chennai,NOT FOUND,geodata,NOT FOUND — Adzuna API credentials not configured in data_pipeline/.env; live API queries not executed. Zero synthetic estimates permitted.
2024-12-15,fashion_designer,career,Fashion Designer,Pune,NOT FOUND,geodata,NOT FOUND — Adzuna API credentials not configured in data_pipeline/.env; live API queries not executed. Zero synthetic estimates permitted.
2024-12-15,fashion_designer,career,Fashion Designer,Mumbai,NOT FOUND,geodata,NOT FOUND — Adzuna API credentials not configured in data_pipeline/.env; live API queries not executed. Zero synthetic estimates permitted.
2024-12-15,fashion_designer,career,Fashion Designer,Delhi NCR,NOT FOUND,geodata,NOT FOUND — Adzuna API credentials not configured in data_pipeline/.env; live API queries not executed. Zero synthetic estimates permitted.
2024-12-15,fine_artist,career,Fine Artist,Bengaluru,NOT FOUND,geodata,NOT FOUND — Adzuna API credentials not configured in data_pipeline/.env; live API queries not executed. Zero synthetic estimates permitted.
2024-12-15,fine_artist,career,Fine Artist,Hyderabad,NOT FOUND,geodata,NOT FOUND — Adzuna API credentials not configured in data_pipeline/.env; live API queries not executed. Zero synthetic estimates permitted.
2024-12-15,fine_artist,career,Fine Artist,Chennai,NOT FOUND,geodata,NOT FOUND — Adzuna API credentials not configured in data_pipeline/.env; live API queries not executed. Zero synthetic estimates permitted.
2024-12-15,fine_artist,career,Fine Artist,Pune,NOT FOUND,geodata,NOT FOUND — Adzuna API credentials not configured in data_pipeline/.env; live API queries not executed. Zero synthetic estimates permitted.
2024-12-15,fine_artist,career,Fine Artist,Mumbai,NOT FOUND,geodata,NOT FOUND — Adzuna API credentials not configured in data_pipeline/.env; live API queries not executed. Zero synthetic estimates permitted.
2024-12-15,fine_artist,career,Fine Artist,Delhi NCR,NOT FOUND,geodata,NOT FOUND — Adzuna API credentials not configured in data_pipeline/.env; live API queries not executed. Zero synthetic estimates permitted.
2024-12-15,video_creator,career,Content Creator,Bengaluru,NOT FOUND,geodata,NOT FOUND — Adzuna API credentials not configured in data_pipeline/.env; live API queries not executed. Zero synthetic estimates permitted.
2024-12-15,video_creator,career,Content Creator,Hyderabad,NOT FOUND,geodata,NOT FOUND — Adzuna API credentials not configured in data_pipeline/.env; live API queries not executed. Zero synthetic estimates permitted.
2024-12-15,video_creator,career,Content Creator,Chennai,NOT FOUND,geodata,NOT FOUND — Adzuna API credentials not configured in data_pipeline/.env; live API queries not executed. Zero synthetic estimates permitted.
2024-12-15,video_creator,career,Content Creator,Pune,NOT FOUND,geodata,NOT FOUND — Adzuna API credentials not configured in data_pipeline/.env; live API queries not executed. Zero synthetic estimates permitted.
2024-12-15,video_creator,career,Content Creator,Mumbai,NOT FOUND,geodata,NOT FOUND — Adzuna API credentials not configured in data_pipeline/.env; live API queries not executed. Zero synthetic estimates permitted.
2024-12-15,video_creator,career,Content Creator,Delhi NCR,NOT FOUND,geodata,NOT FOUND — Adzuna API credentials not configured in data_pipeline/.env; live API queries not executed. Zero synthetic estimates permitted.
2024-12-15,streamer_esports_player,career,Esports Player,Bengaluru,NOT FOUND,geodata,NOT FOUND — Adzuna API credentials not configured in data_pipeline/.env; live API queries not executed. Zero synthetic estimates permitted.
2024-12-15,streamer_esports_player,career,Esports Player,Hyderabad,NOT FOUND,geodata,NOT FOUND — Adzuna API credentials not configured in data_pipeline/.env; live API queries not executed. Zero synthetic estimates permitted.
2024-12-15,streamer_esports_player,career,Esports Player,Chennai,NOT FOUND,geodata,NOT FOUND — Adzuna API credentials not configured in data_pipeline/.env; live API queries not executed. Zero synthetic estimates permitted.
2024-12-15,streamer_esports_player,career,Esports Player,Pune,NOT FOUND,geodata,NOT FOUND — Adzuna API credentials not configured in data_pipeline/.env; live API queries not executed. Zero synthetic estimates permitted.
2024-12-15,streamer_esports_player,career,Esports Player,Mumbai,NOT FOUND,geodata,NOT FOUND — Adzuna API credentials not configured in data_pipeline/.env; live API queries not executed. Zero synthetic estimates permitted.
2024-12-15,streamer_esports_player,career,Esports Player,Delhi NCR,NOT FOUND,geodata,NOT FOUND — Adzuna API credentials not configured in data_pipeline/.env; live API queries not executed. Zero synthetic estimates permitted.
2024-12-15,independent_musician,career,Music Producer,Bengaluru,NOT FOUND,geodata,NOT FOUND — Adzuna API credentials not configured in data_pipeline/.env; live API queries not executed. Zero synthetic estimates permitted.
2024-12-15,independent_musician,career,Music Producer,Hyderabad,NOT FOUND,geodata,NOT FOUND — Adzuna API credentials not configured in data_pipeline/.env; live API queries not executed. Zero synthetic estimates permitted.
2024-12-15,independent_musician,career,Music Producer,Chennai,NOT FOUND,geodata,NOT FOUND — Adzuna API credentials not configured in data_pipeline/.env; live API queries not executed. Zero synthetic estimates permitted.
2024-12-15,independent_musician,career,Music Producer,Pune,NOT FOUND,geodata,NOT FOUND — Adzuna API credentials not configured in data_pipeline/.env; live API queries not executed. Zero synthetic estimates permitted.
2024-12-15,independent_musician,career,Music Producer,Mumbai,NOT FOUND,geodata,NOT FOUND — Adzuna API credentials not configured in data_pipeline/.env; live API queries not executed. Zero synthetic estimates permitted.
2024-12-15,independent_musician,career,Music Producer,Delhi NCR,NOT FOUND,geodata,NOT FOUND — Adzuna API credentials not configured in data_pipeline/.env; live API queries not executed. Zero synthetic estimates permitted.
2024-12-15,freelance_creative,career,Freelance Designer,Bengaluru,NOT FOUND,geodata,NOT FOUND — Adzuna API credentials not configured in data_pipeline/.env; live API queries not executed. Zero synthetic estimates permitted.
2024-12-15,freelance_creative,career,Freelance Designer,Hyderabad,NOT FOUND,geodata,NOT FOUND — Adzuna API credentials not configured in data_pipeline/.env; live API queries not executed. Zero synthetic estimates permitted.
2024-12-15,freelance_creative,career,Freelance Designer,Chennai,NOT FOUND,geodata,NOT FOUND — Adzuna API credentials not configured in data_pipeline/.env; live API queries not executed. Zero synthetic estimates permitted.
2024-12-15,freelance_creative,career,Freelance Designer,Pune,NOT FOUND,geodata,NOT FOUND — Adzuna API credentials not configured in data_pipeline/.env; live API queries not executed. Zero synthetic estimates permitted.
2024-12-15,freelance_creative,career,Freelance Designer,Mumbai,NOT FOUND,geodata,NOT FOUND — Adzuna API credentials not configured in data_pipeline/.env; live API queries not executed. Zero synthetic estimates permitted.
2024-12-15,freelance_creative,career,Freelance Designer,Delhi NCR,NOT FOUND,geodata,NOT FOUND — Adzuna API credentials not configured in data_pipeline/.env; live API queries not executed. Zero synthetic estimates permitted.
2024-12-15,historian,career,Historian,Bengaluru,NOT FOUND,geodata,NOT FOUND — Adzuna API credentials not configured in data_pipeline/.env; live API queries not executed. Zero synthetic estimates permitted.
2024-12-15,historian,career,Historian,Hyderabad,NOT FOUND,geodata,NOT FOUND — Adzuna API credentials not configured in data_pipeline/.env; live API queries not executed. Zero synthetic estimates permitted.
2024-12-15,historian,career,Historian,Chennai,NOT FOUND,geodata,NOT FOUND — Adzuna API credentials not configured in data_pipeline/.env; live API queries not executed. Zero synthetic estimates permitted.
2024-12-15,historian,career,Historian,Pune,NOT FOUND,geodata,NOT FOUND — Adzuna API credentials not configured in data_pipeline/.env; live API queries not executed. Zero synthetic estimates permitted.
2024-12-15,historian,career,Historian,Mumbai,NOT FOUND,geodata,NOT FOUND — Adzuna API credentials not configured in data_pipeline/.env; live API queries not executed. Zero synthetic estimates permitted.
2024-12-15,historian,career,Historian,Delhi NCR,NOT FOUND,geodata,NOT FOUND — Adzuna API credentials not configured in data_pipeline/.env; live API queries not executed. Zero synthetic estimates permitted.
2024-12-15,archaeologist,career,Archaeologist,Bengaluru,NOT FOUND,geodata,NOT FOUND — Adzuna API credentials not configured in data_pipeline/.env; live API queries not executed. Zero synthetic estimates permitted.
2024-12-15,archaeologist,career,Archaeologist,Hyderabad,NOT FOUND,geodata,NOT FOUND — Adzuna API credentials not configured in data_pipeline/.env; live API queries not executed. Zero synthetic estimates permitted.
2024-12-15,archaeologist,career,Archaeologist,Chennai,NOT FOUND,geodata,NOT FOUND — Adzuna API credentials not configured in data_pipeline/.env; live API queries not executed. Zero synthetic estimates permitted.
2024-12-15,archaeologist,career,Archaeologist,Pune,NOT FOUND,geodata,NOT FOUND — Adzuna API credentials not configured in data_pipeline/.env; live API queries not executed. Zero synthetic estimates permitted.
2024-12-15,archaeologist,career,Archaeologist,Mumbai,NOT FOUND,geodata,NOT FOUND — Adzuna API credentials not configured in data_pipeline/.env; live API queries not executed. Zero synthetic estimates permitted.
2024-12-15,archaeologist,career,Archaeologist,Delhi NCR,NOT FOUND,geodata,NOT FOUND — Adzuna API credentials not configured in data_pipeline/.env; live API queries not executed. Zero synthetic estimates permitted.
2024-12-15,geographer,career,Geographer,Bengaluru,NOT FOUND,geodata,NOT FOUND — Adzuna API credentials not configured in data_pipeline/.env; live API queries not executed. Zero synthetic estimates permitted.
2024-12-15,geographer,career,Geographer,Hyderabad,NOT FOUND,geodata,NOT FOUND — Adzuna API credentials not configured in data_pipeline/.env; live API queries not executed. Zero synthetic estimates permitted.
2024-12-15,geographer,career,Geographer,Chennai,NOT FOUND,geodata,NOT FOUND — Adzuna API credentials not configured in data_pipeline/.env; live API queries not executed. Zero synthetic estimates permitted.
2024-12-15,geographer,career,Geographer,Pune,NOT FOUND,geodata,NOT FOUND — Adzuna API credentials not configured in data_pipeline/.env; live API queries not executed. Zero synthetic estimates permitted.
2024-12-15,geographer,career,Geographer,Mumbai,NOT FOUND,geodata,NOT FOUND — Adzuna API credentials not configured in data_pipeline/.env; live API queries not executed. Zero synthetic estimates permitted.
2024-12-15,geographer,career,Geographer,Delhi NCR,NOT FOUND,geodata,NOT FOUND — Adzuna API credentials not configured in data_pipeline/.env; live API queries not executed. Zero synthetic estimates permitted.
2024-12-15,gis_analyst,career,GIS Analyst,Bengaluru,NOT FOUND,geodata,NOT FOUND — Adzuna API credentials not configured in data_pipeline/.env; live API queries not executed. Zero synthetic estimates permitted.
2024-12-15,gis_analyst,career,GIS Analyst,Hyderabad,NOT FOUND,geodata,NOT FOUND — Adzuna API credentials not configured in data_pipeline/.env; live API queries not executed. Zero synthetic estimates permitted.
2024-12-15,gis_analyst,career,GIS Analyst,Chennai,NOT FOUND,geodata,NOT FOUND — Adzuna API credentials not configured in data_pipeline/.env; live API queries not executed. Zero synthetic estimates permitted.
2024-12-15,gis_analyst,career,GIS Analyst,Pune,NOT FOUND,geodata,NOT FOUND — Adzuna API credentials not configured in data_pipeline/.env; live API queries not executed. Zero synthetic estimates permitted.
2024-12-15,gis_analyst,career,GIS Analyst,Mumbai,NOT FOUND,geodata,NOT FOUND — Adzuna API credentials not configured in data_pipeline/.env; live API queries not executed. Zero synthetic estimates permitted.
2024-12-15,gis_analyst,career,GIS Analyst,Delhi NCR,NOT FOUND,geodata,NOT FOUND — Adzuna API credentials not configured in data_pipeline/.env; live API queries not executed. Zero synthetic estimates permitted.
2024-12-15,linguist,career,Linguist,Bengaluru,NOT FOUND,geodata,NOT FOUND — Adzuna API credentials not configured in data_pipeline/.env; live API queries not executed. Zero synthetic estimates permitted.
2024-12-15,linguist,career,Linguist,Hyderabad,NOT FOUND,geodata,NOT FOUND — Adzuna API credentials not configured in data_pipeline/.env; live API queries not executed. Zero synthetic estimates permitted.
2024-12-15,linguist,career,Linguist,Chennai,NOT FOUND,geodata,NOT FOUND — Adzuna API credentials not configured in data_pipeline/.env; live API queries not executed. Zero synthetic estimates permitted.
2024-12-15,linguist,career,Linguist,Pune,NOT FOUND,geodata,NOT FOUND — Adzuna API credentials not configured in data_pipeline/.env; live API queries not executed. Zero synthetic estimates permitted.
2024-12-15,linguist,career,Linguist,Mumbai,NOT FOUND,geodata,NOT FOUND — Adzuna API credentials not configured in data_pipeline/.env; live API queries not executed. Zero synthetic estimates permitted.
2024-12-15,linguist,career,Linguist,Delhi NCR,NOT FOUND,geodata,NOT FOUND — Adzuna API credentials not configured in data_pipeline/.env; live API queries not executed. Zero synthetic estimates permitted.
2024-12-15,translator_interpreter,career,Translator,Bengaluru,NOT FOUND,geodata,NOT FOUND — Adzuna API credentials not configured in data_pipeline/.env; live API queries not executed. Zero synthetic estimates permitted.
2024-12-15,translator_interpreter,career,Translator,Hyderabad,NOT FOUND,geodata,NOT FOUND — Adzuna API credentials not configured in data_pipeline/.env; live API queries not executed. Zero synthetic estimates permitted.
2024-12-15,translator_interpreter,career,Translator,Chennai,NOT FOUND,geodata,NOT FOUND — Adzuna API credentials not configured in data_pipeline/.env; live API queries not executed. Zero synthetic estimates permitted.
2024-12-15,translator_interpreter,career,Translator,Pune,NOT FOUND,geodata,NOT FOUND — Adzuna API credentials not configured in data_pipeline/.env; live API queries not executed. Zero synthetic estimates permitted.
2024-12-15,translator_interpreter,career,Translator,Mumbai,NOT FOUND,geodata,NOT FOUND — Adzuna API credentials not configured in data_pipeline/.env; live API queries not executed. Zero synthetic estimates permitted.
2024-12-15,translator_interpreter,career,Translator,Delhi NCR,NOT FOUND,geodata,NOT FOUND — Adzuna API credentials not configured in data_pipeline/.env; live API queries not executed. Zero synthetic estimates permitted.
2024-12-15,political_scientist,career,Political Scientist,Bengaluru,NOT FOUND,geodata,NOT FOUND — Adzuna API credentials not configured in data_pipeline/.env; live API queries not executed. Zero synthetic estimates permitted.
2024-12-15,political_scientist,career,Political Scientist,Hyderabad,NOT FOUND,geodata,NOT FOUND — Adzuna API credentials not configured in data_pipeline/.env; live API queries not executed. Zero synthetic estimates permitted.
2024-12-15,political_scientist,career,Political Scientist,Chennai,NOT FOUND,geodata,NOT FOUND — Adzuna API credentials not configured in data_pipeline/.env; live API queries not executed. Zero synthetic estimates permitted.
2024-12-15,political_scientist,career,Political Scientist,Pune,NOT FOUND,geodata,NOT FOUND — Adzuna API credentials not configured in data_pipeline/.env; live API queries not executed. Zero synthetic estimates permitted.
2024-12-15,political_scientist,career,Political Scientist,Mumbai,NOT FOUND,geodata,NOT FOUND — Adzuna API credentials not configured in data_pipeline/.env; live API queries not executed. Zero synthetic estimates permitted.
2024-12-15,political_scientist,career,Political Scientist,Delhi NCR,NOT FOUND,geodata,NOT FOUND — Adzuna API credentials not configured in data_pipeline/.env; live API queries not executed. Zero synthetic estimates permitted.
2024-12-15,international_relations_specialist,career,International Relations Specialist,Bengaluru,NOT FOUND,geodata,NOT FOUND — Adzuna API credentials not configured in data_pipeline/.env; live API queries not executed. Zero synthetic estimates permitted.
2024-12-15,international_relations_specialist,career,International Relations Specialist,Hyderabad,NOT FOUND,geodata,NOT FOUND — Adzuna API credentials not configured in data_pipeline/.env; live API queries not executed. Zero synthetic estimates permitted.
2024-12-15,international_relations_specialist,career,International Relations Specialist,Chennai,NOT FOUND,geodata,NOT FOUND — Adzuna API credentials not configured in data_pipeline/.env; live API queries not executed. Zero synthetic estimates permitted.
2024-12-15,international_relations_specialist,career,International Relations Specialist,Pune,NOT FOUND,geodata,NOT FOUND — Adzuna API credentials not configured in data_pipeline/.env; live API queries not executed. Zero synthetic estimates permitted.
2024-12-15,international_relations_specialist,career,International Relations Specialist,Mumbai,NOT FOUND,geodata,NOT FOUND — Adzuna API credentials not configured in data_pipeline/.env; live API queries not executed. Zero synthetic estimates permitted.
2024-12-15,international_relations_specialist,career,International Relations Specialist,Delhi NCR,NOT FOUND,geodata,NOT FOUND — Adzuna API credentials not configured in data_pipeline/.env; live API queries not executed. Zero synthetic estimates permitted.
2024-12-15,economist,career,Economist,Bengaluru,NOT FOUND,geodata,NOT FOUND — Adzuna API credentials not configured in data_pipeline/.env; live API queries not executed. Zero synthetic estimates permitted.
2024-12-15,economist,career,Economist,Hyderabad,NOT FOUND,geodata,NOT FOUND — Adzuna API credentials not configured in data_pipeline/.env; live API queries not executed. Zero synthetic estimates permitted.
2024-12-15,economist,career,Economist,Chennai,NOT FOUND,geodata,NOT FOUND — Adzuna API credentials not configured in data_pipeline/.env; live API queries not executed. Zero synthetic estimates permitted.
2024-12-15,economist,career,Economist,Pune,NOT FOUND,geodata,NOT FOUND — Adzuna API credentials not configured in data_pipeline/.env; live API queries not executed. Zero synthetic estimates permitted.
2024-12-15,economist,career,Economist,Mumbai,NOT FOUND,geodata,NOT FOUND — Adzuna API credentials not configured in data_pipeline/.env; live API queries not executed. Zero synthetic estimates permitted.
2024-12-15,economist,career,Economist,Delhi NCR,NOT FOUND,geodata,NOT FOUND — Adzuna API credentials not configured in data_pipeline/.env; live API queries not executed. Zero synthetic estimates permitted.
2024-12-15,journalist,career,Journalist,Bengaluru,NOT FOUND,geodata,NOT FOUND — Adzuna API credentials not configured in data_pipeline/.env; live API queries not executed. Zero synthetic estimates permitted.
2024-12-15,journalist,career,Journalist,Hyderabad,NOT FOUND,geodata,NOT FOUND — Adzuna API credentials not configured in data_pipeline/.env; live API queries not executed. Zero synthetic estimates permitted.
2024-12-15,journalist,career,Journalist,Chennai,NOT FOUND,geodata,NOT FOUND — Adzuna API credentials not configured in data_pipeline/.env; live API queries not executed. Zero synthetic estimates permitted.
2024-12-15,journalist,career,Journalist,Pune,NOT FOUND,geodata,NOT FOUND — Adzuna API credentials not configured in data_pipeline/.env; live API queries not executed. Zero synthetic estimates permitted.
2024-12-15,journalist,career,Journalist,Mumbai,NOT FOUND,geodata,NOT FOUND — Adzuna API credentials not configured in data_pipeline/.env; live API queries not executed. Zero synthetic estimates permitted.
2024-12-15,journalist,career,Journalist,Delhi NCR,NOT FOUND,geodata,NOT FOUND — Adzuna API credentials not configured in data_pipeline/.env; live API queries not executed. Zero synthetic estimates permitted.
