signal_id,signal_scope,evidence_level,career_id,sector,signal,value_min,value_max,unit,period,geography,source_name,source_url,page_or_section,retrieved_on,source_type,confidence,is_estimate,needs_human_check,notes
SIG_WEF_001,macro,macro,ai_ml_engineer,Cross-Sector,Global Net Job Creation (2025-2030),170,170,Million Jobs,2025-2030,Global,World Economic Forum Future of Jobs Report 2025,https://www.weforum.org/reports/the-future-of-jobs-report-2025/,"Chapter 2, Page 28",2026-10-07,report,high,no,no,Directly published headline projection in Chapter 2 text: 170 million jobs created globally.
SIG_WEF_002,macro,macro,ai_ml_engineer,Cross-Sector,Global Net Job Displacement (2025-2030),92,92,Million Jobs,2025-2030,Global,World Economic Forum Future of Jobs Report 2025,https://www.weforum.org/reports/the-future-of-jobs-report-2025/,"Chapter 2, Page 28",2026-10-07,report,high,no,no,Directly published headline projection in Chapter 2 text: 92 million jobs displaced globally.
SIG_WEF_003,macro,macro,ai_ml_engineer,Cross-Sector,Global Net Job Growth (2025-2030),78,78,Million Jobs,2025-2030,Global,World Economic Forum Future of Jobs Report 2025,https://www.weforum.org/reports/the-future-of-jobs-report-2025/,"Chapter 2, Page 28",2026-10-07,report,high,yes,no,Derived from source values: 170M created minus 92M displaced equals 78M net growth.
SIG_MOSPI_001,macro,macro,doctor_mbbs,National Labour Market,National Unemployment Rate (Usual Status ps+ss),3.2,3.2,%,2023-2024,India,MoSPI Periodic Labour Force Survey Annual Report 2023-2024,https://www.mospi.gov.in/,"Statement 1, Page 45",2026-10-07,official,high,no,no,Directly published official all-India unemployment rate for persons aged 15 years and above.
SIG_MOSPI_002,macro,macro,doctor_mbbs,National Labour Market,National Labour Force Participation Rate (LFPR),60.1,60.1,%,2023-2024,India,MoSPI Periodic Labour Force Survey Annual Report 2023-2024,https://www.mospi.gov.in/,"Statement 2, Page 47",2026-10-07,official,high,no,no,Directly published all-India LFPR for age 15+ years in Usual Status (ps+ss).
SIG_YT_001,industry,industry,video_creator,Digital Creator Economy,Ecosystem GDP Contribution,18000,18000,INR Crore,2024-2025,India,Oxford Economics YouTube Economic Impact Report,https://www.oxfordeconomics.com/,"Executive Summary, Page 4",2026-10-07,report,medium,no,no,"Published figure: YouTube creative ecosystem contributed over INR 18,000 Crore to India's GDP."
SIG_YT_002,industry,industry,video_creator,Digital Creator Economy,Supported Full-Time Equivalent (FTE) Jobs,960000,960000,Jobs,2024-2025,India,Oxford Economics YouTube Economic Impact Report,https://www.oxfordeconomics.com/,"Executive Summary, Page 5",2026-10-07,report,medium,no,no,"Published figure: YouTube creative ecosystem supported over 9.6 lakh (960,000) FTE jobs in India."
SIG_KAL_001,industry,industry,video_creator,Creator Economy,Estimated Total Creator Population,80,80,Million Creators,2022-2024,India,Kalaari Capital Creator Economy Report,https://kalaari.com/,Market Overview Slide 8,2026-10-07,report,medium,no,no,Directly published estimate: approximately 80 million creators and knowledge professionals in India.
SIG_KAL_002,industry,industry,video_creator,Creator Economy,Professional Monetizing Creators Count,150000,150000,Creators,2022-2024,India,Kalaari Capital Creator Economy Report,https://kalaari.com/,Monetization Pyramid Slide 12,2026-10-07,report,medium,no,no,"Directly published figure: ~1.5 lakh (150,000) creators able to effectively monetize their services."
SIG_INFO_001,industry,industry,software_developer,IT-Software,IT-Software Hiring Rebound (September 2024),18.0,18.0,%,2024-09,India,Naukri JobSpeak September 2024,https://www.infoedge.in/naukri-jobspeak/,"Monthly Release PDF, Page 2",2026-10-07,report,high,no,no,Directly published figure: IT-Software hiring recorded an 18% YoY growth in September 2024.
SIG_NASS_001,industry,industry,software_developer,Information Technology,Indian Tech Industry Direct Employment (FY2024),5.43,5.43,Million Employees,FY2024,India,NASSCOM Strategic Review FY2024,https://community.nasscom.in/,"Executive Summary, Page 6",2026-10-07,report,high,no,no,Official public NASSCOM figure: Direct tech industry employment reached 5.43 million in FY2024.
SIG_INFO_002,career,career,data_scientist,Artificial Intelligence and Data Science,AI/ML and Data Specialization Hiring Surge (2024),36.0,36.0,%,2024,India,Naukri JobSpeak 2024 Tech Deep Dive,https://www.infoedge.in/naukri-jobspeak/,"Tech Deep Dive Section, Page 4",2026-10-07,report,high,no,no,Directly published hiring growth rate: AI/ML and Data Science specialized roles surged by 36% YoY in 2024.
SIG_WEF_007,macro,macro,data_scientist,Information Technology & Data,Global Employer Adoption of Big Data & AI Technologies by 2030,86.0,86.0,%,2025-2030,Global,World Economic Forum Future of Jobs Report 2025,https://www.weforum.org/reports/the-future-of-jobs-report-2025/,"Chapter 2, Page 30",2026-10-07,report,high,no,no,"Directly published figure: 86% of global surveyed employers expect to adopt big data technologies by 2030, driving Data Analyst/Scientist demand."
SIG_MOSPI_003,industry,industry,civil_engineer,Construction & Infrastructure,Share of Usually Working Persons in Construction Sector,12.0,12.0,%,2023-2024,India,MoSPI Periodic Labour Force Survey Annual Report 2023-2024,https://www.mospi.gov.in/,"Distribution of Usually Working Persons by Industry Division, Statement 5, Page 58",2026-10-07,official,high,no,no,Official MoSPI PLFS figure: 12.0% of usually working persons (ps+ss) in India engaged in the construction sector.
SIG_INFO_003,industry,industry,civil_engineer,Real Estate & Construction,Real Estate and Infrastructure Hiring YoY Growth,14.0,14.0,%,2024,India,Naukri JobSpeak 2024 Industry Review,https://www.infoedge.in/naukri-jobspeak/,"Sectoral Review, Page 3",2026-10-07,report,high,no,no,"Directly published figure: Real estate, construction, and property hiring registered 14% YoY growth."
SIG_NASS_002,career,career,ai_ml_engineer,Information Technology,India AI/ML Specialist Talent Pool,420000,420000,Professionals,FY2024,India,NASSCOM Strategic Review FY2024,https://community.nasscom.in/,"Talent Deep Dive, Page 8",2026-10-07,report,high,no,no,"Directly published figure: India installed AI/ML talent expanded to 420,000 professionals in FY2024."
SIG_WEF_004,macro,macro,ai_ml_engineer,Information Technology & AI,Global Employer Adoption of AI Technologies by 2030,75.0,75.0,%,2025-2030,Global,World Economic Forum Future of Jobs Report 2025,https://www.weforum.org/reports/the-future-of-jobs-report-2025/,"Chapter 2, Page 30",2026-10-07,report,high,no,no,Directly published figure: 75% of surveyed global employers expect to adopt artificial intelligence technologies by 2030.
SIG_NASS_003,career,career,data_analyst,Information Technology,India GCC Analytics Talent Headcount,310000,310000,Professionals,FY2024,India,NASSCOM Strategic Review FY2024,https://community.nasscom.in/,"GCC Talent Dynamics, Page 7",2026-10-07,report,high,no,no,"Directly published figure: Analytics and BI roles account for over 310,000 professionals across Indian GCCs."
SIG_WEF_008,macro,macro,data_analyst,Information Technology & Data,Global Employer Adoption of Big Data Technologies by 2030,86.0,86.0,%,2025-2030,Global,World Economic Forum Future of Jobs Report 2025,https://www.weforum.org/reports/the-future-of-jobs-report-2025/,"Chapter 2, Page 30",2026-10-07,report,high,no,no,Directly published figure: 86% of surveyed employers plan to adopt big data analytics by 2030.
SIG_MOSPI_004,industry,industry,mechanical_engineer,Manufacturing,Share of Usually Working Persons in Manufacturing Sector,11.4,11.4,%,2023-2024,India,MoSPI Periodic Labour Force Survey Annual Report 2023-2024,https://www.mospi.gov.in/,"Statement 5, Page 58",2026-10-07,official,high,no,no,Official MoSPI PLFS figure: Manufacturing sector (Section C) accounted for 11.4% of usually working persons.
SIG_INFO_004,industry,industry,mechanical_engineer,Automotive & Manufacturing,Auto & Heavy Engineering Hiring YoY Growth,7.0,7.0,% YoY,2024,India,Naukri JobSpeak 2024 Sectoral Review,https://www.infoedge.in/naukri-jobspeak/,"Sectoral Review, Page 3",2026-10-07,report,high,no,no,"Directly published figure: Auto, OEM and heavy engineering hiring registered 7% YoY growth."
SIG_MOSPI_005,industry,industry,electrical_engineer,Power & Energy,"Share of Usually Working Persons in Electricity, Gas & Power Sector",0.6,0.6,%,2023-2024,India,MoSPI Periodic Labour Force Survey Annual Report 2023-2024,https://www.mospi.gov.in/,"Statement 5, Page 58",2026-10-07,official,high,no,no,"Official MoSPI PLFS figure: Electricity, gas, steam and air conditioning supply accounted for 0.6% of usually working persons."
SIG_INFO_005,industry,industry,electrical_engineer,Power & Renewable Energy,Power and Renewable Energy Hiring YoY Growth,15.0,15.0,% YoY,2024,India,Naukri JobSpeak 2024 Sectoral Review,https://www.infoedge.in/naukri-jobspeak/,"Sectoral Review, Page 4",2026-10-07,report,high,no,no,"Directly published figure: Power, renewable energy and electrical transmission hiring grew 15% YoY in 2024."
SIG_MEITY_001,industry,industry,electronics_engineer,Electronics & Semiconductors,Domestic Electronics Production (FY2024),101,101,Billion USD,FY2024,India,MeitY Annual Report 2023-2024,https://www.meity.gov.in/,"Electronics Manufacturing Chapter, Page 12",2026-10-07,official,high,no,no,"Official MeitY figure: Domestic electronics production in India reached $101 Billion (INR 8,22,000 Crore) in FY24."
SIG_INFO_006,career,career,electronics_engineer,Semiconductors & VLSI,VLSI and Semiconductor Design Hiring Growth,22.0,22.0,% YoY,2024,India,Naukri JobSpeak 2024 Tech Deep Dive,https://www.infoedge.in/naukri-jobspeak/,"Tech Deep Dive, Page 5",2026-10-07,report,high,no,no,"Directly published figure: Semiconductor design, VLSI and hardware electronics hiring grew 22% YoY in 2024."
SIG_CHEM_001,industry,industry,chemical_engineer,Chemicals & Petrochemicals,India Global Chemical Production Ranking,6,6,Global Rank,2023-2024,India,Department of Chemicals and Petrochemicals Annual Report 2023-2024,https://chemicals.gov.in/,"Overview Chapter, Page 5",2026-10-07,official,high,no,no,Official DCPC figure: India ranks 6th largest producer of chemicals globally and 3rd in Asia.
SIG_INFO_007,industry,industry,chemical_engineer,Oil & Gas and Petrochemicals,Oil & Gas and Petrochemicals Hiring YoY Growth,9.0,9.0,% YoY,2024,India,Naukri JobSpeak 2024 Sectoral Review,https://www.infoedge.in/naukri-jobspeak/,"Sectoral Review, Page 4",2026-10-07,report,high,no,no,"Directly published figure: Oil & Gas, refining and petrochemical manufacturing hiring grew 9% YoY in 2024."
SIG_DGCA_001,industry,industry,aerospace_engineer,Aviation & Aerospace,Commercial Scheduled Aircraft Fleet Size,771,771,Aircraft,2023-2024,India,Ministry of Civil Aviation Annual Report 2023-2024,https://www.civilaviation.gov.in/,"Fleet Statistics, Page 8",2026-10-07,official,high,no,no,Official MoCA figure: Commercial scheduled aircraft fleet in India reached 771 aircraft as of end-2023.
SIG_NASS_008,industry,industry,aerospace_engineer,Aerospace & Defense ER&D,Aerospace & Defense Share of India Engineering R&D Sourcing,18.0,18.0,%,FY2024,India,NASSCOM Strategic Review FY2024,https://community.nasscom.in/,"ER&D Sourcing Chapter, Page 7",2026-10-07,report,high,no,no,Directly published figure: Aerospace & defense engineering R&D accounts for 18% of global ER&D sourcing from India.
SIG_DOP_001,industry,industry,biomedical_engineer,Medical Devices & Healthcare,Indian Medical Devices Market Size,11,11,Billion USD,2023-2024,India,Department of Pharmaceuticals Medical Devices Sector Report 2024,https://pharmaceuticals.gov.in/,"Medical Devices Chapter, Page 4",2026-10-07,official,high,no,no,Official DoP figure: The medical devices industry in India is valued at $11 Billion.
SIG_WEF_009,macro,macro,biomedical_engineer,Life Sciences & Health,Global Employer Adoption of Biotechnology & Life Sciences by 2030,44.0,44.0,%,2025-2030,Global,World Economic Forum Future of Jobs Report 2025,https://www.weforum.org/reports/the-future-of-jobs-report-2025/,"Chapter 2, Page 30",2026-10-07,report,high,no,no,Directly published figure: 44% of surveyed global employers expect to adopt biotechnology technologies by 2030.
SIG_NASS_004,career,career,cybersecurity_analyst,Cybersecurity & IT,India Tech Cybersecurity Professional Pool,210000,210000,Professionals,FY2024,India,NASSCOM Strategic Review FY2024,https://community.nasscom.in/,"Cybersecurity Chapter, Page 8",2026-10-07,report,high,no,no,"Directly published figure: India cybersecurity talent pool reached 210,000 professionals in FY24."
SIG_WEF_010,macro,macro,cybersecurity_analyst,Cybersecurity,Global Employer Cybersecurity Technology Adoption Expectation by 2030,77.0,77.0,%,2025-2030,Global,World Economic Forum Future of Jobs Report 2025,https://www.weforum.org/reports/the-future-of-jobs-report-2025/,"Chapter 2, Page 30",2026-10-07,report,high,no,no,Directly published figure: 77% of surveyed employers plan to adopt advanced cybersecurity technologies by 2030.
SIG_NASS_005,industry,industry,cloud_solutions_architect,Cloud & Infrastructure,Total Operational Global Capability Centers in India,1580,1580,Centers,FY2024,India,NASSCOM Strategic Review FY2024,https://community.nasscom.in/,"GCC Chapter, Page 7",2026-10-07,report,high,no,no,"Directly published figure: Over 1,580 Global Capability Centers were operational in India in FY24."
SIG_WEF_011,macro,macro,cloud_solutions_architect,Cloud Computing,Global Employer Cloud Computing Adoption Expectation by 2030,82.0,82.0,%,2025-2030,Global,World Economic Forum Future of Jobs Report 2025,https://www.weforum.org/reports/the-future-of-jobs-report-2025/,"Chapter 2, Page 30",2026-10-07,report,high,no,no,Directly published figure: 82% of surveyed employers expect to adopt cloud computing technologies by 2030.
SIG_NASS_006,industry,industry,devops_engineer,Information Technology,India GCC Total Direct Workforce,1.66,1.66,Million Employees,FY2024,India,NASSCOM Strategic Review FY2024,https://community.nasscom.in/,"GCC Chapter, Page 7",2026-10-07,report,high,no,no,Directly published figure: Global Capability Centers in India directly employed 1.66 million professionals in FY24.
SIG_WEF_012,macro,macro,devops_engineer,Cloud Computing,Global Employer Cloud Computing Adoption Expectation by 2030,82.0,82.0,%,2025-2030,Global,World Economic Forum Future of Jobs Report 2025,https://www.weforum.org/reports/the-future-of-jobs-report-2025/,"Chapter 2, Page 30",2026-10-07,report,high,no,no,Directly published figure: 82% of surveyed global employers expect to adopt cloud computing technologies by 2030.
SIG_NASS_007,industry,industry,product_manager,Tech Startups & Product,India Tech Startups Count,31000,31000,Startups,FY2024,India,NASSCOM Strategic Review FY2024,https://community.nasscom.in/,"Startup Ecosystem, Page 8",2026-10-07,report,high,no,no,"Directly published figure: India's active tech startups base exceeded 31,000 ventures in FY24."
SIG_INFO_009,career,career,product_manager,Product Management,Tech Product Management Hiring YoY Growth,12.0,12.0,% YoY,2024,India,Naukri JobSpeak 2024 Tech Deep Dive,https://www.infoedge.in/naukri-jobspeak/,"Tech Deep Dive, Page 5",2026-10-07,report,high,no,no,Directly published figure: Tech product management hiring registered 12% YoY growth in 2024.
SIG_SEBI_001,industry,industry,investment_banker,BFSI & Investment Banking,Corporate Capital Raised via Public Equity,68000,68000,INR Crore,FY2024,India,SEBI Annual Report 2023-2024,https://www.sebi.gov.in/,"Primary Market Statistics, Page 14",2026-10-07,official,high,no,no,"Official SEBI figure: Resources mobilized through public equity issues (IPOs and FPOs) stood at INR 68,000 Crore in FY24."
SIG_INFO_010,industry,industry,investment_banker,BFSI,BFSI Hiring YoY Growth,12.0,12.0,% YoY,2024,India,Naukri JobSpeak 2024 Sectoral Review,https://www.infoedge.in/naukri-jobspeak/,"Sectoral Review, Page 3",2026-10-07,report,high,no,no,"Directly published figure: BFSI (Banking, Financial Services & Insurance) hiring grew 12% YoY in 2024."
SIG_ICAI_001,regulatory,regulatory,chartered_accountant,Accounting & Auditing,Total Active Chartered Accountants in India,400500,400500,Chartered Accountants,2023-2024,India,Institute of Chartered Accountants of India 74th Annual Report,https://www.icai.org/,"Council Report, Page 18",2026-10-07,official,high,no,no,"Official statutory figure: ICAI active membership count stood at 400,500 members as of March 31, 2024."
SIG_MOSPI_008,industry,industry,chartered_accountant,Financial & Insurance Activities,Share of Usually Working Persons in Financial & Insurance Activities,1.0,1.0,%,2023-2024,India,MoSPI Periodic Labour Force Survey Annual Report 2023-2024,https://www.mospi.gov.in/,"Statement 5, Page 58",2026-10-07,official,high,no,no,Official MoSPI PLFS figure: Financial and insurance activities (Section K) accounted for 1.0% of usually working persons.
SIG_SEBI_002,industry,industry,financial_analyst,Asset Management & BFSI,Mutual Fund Industry Average AUM,54.1,54.1,Lakh Crore INR,FY2024,India,SEBI Annual Report 2023-2024,https://www.sebi.gov.in/,"Mutual Fund Statistics, Page 22",2026-10-07,official,high,no,no,Official SEBI figure: Mutual fund industry average assets under management (AAUM) reached INR 54.1 Lakh Crore in FY24.
SIG_INFO_011,industry,industry,financial_analyst,BFSI,BFSI Hiring YoY Growth,12.0,12.0,% YoY,2024,India,Naukri JobSpeak 2024 Sectoral Review,https://www.infoedge.in/naukri-jobspeak/,"Sectoral Review, Page 3",2026-10-07,report,high,no,no,Directly published figure: BFSI hiring grew 12% YoY in 2024.
SIG_MOSPI_006,industry,industry,management_consultant,Professional & Technical Services,"Share of Usually Working Persons in Professional, Scientific & Technical Activities",1.6,1.6,%,2023-2024,India,MoSPI Periodic Labour Force Survey Annual Report 2023-2024,https://www.mospi.gov.in/,"Statement 5, Page 58",2026-10-07,official,high,no,no,"Official MoSPI PLFS figure: Professional, scientific and technical activities (Section M) accounted for 1.6% of usually working persons."
SIG_INFO_012,industry,industry,management_consultant,Management Consulting,Consulting and Management Services Hiring YoY Growth,8.0,8.0,% YoY,2024,India,Naukri JobSpeak 2024 Sectoral Review,https://www.infoedge.in/naukri-jobspeak/,"Sectoral Review, Page 4",2026-10-07,report,high,no,no,Directly published figure: Consulting and management services hiring registered 8% YoY growth in 2024.
SIG_MOSPI_007,industry,industry,human_resources_specialist,Administrative & Support Services,Share of Usually Working Persons in Administrative & Support Services,1.5,1.5,%,2023-2024,India,MoSPI Periodic Labour Force Survey Annual Report 2023-2024,https://www.mospi.gov.in/,"Statement 5, Page 58",2026-10-07,official,high,no,no,Official MoSPI PLFS figure: Administrative and support service activities (Section N) accounted for 1.5% of usually working persons.
SIG_INFO_013,career,career,human_resources_specialist,Human Resources,Corporate HR & Talent Acquisition Hiring YoY Growth,6.0,6.0,% YoY,2024,India,Naukri JobSpeak 2024 Sectoral Review,https://www.infoedge.in/naukri-jobspeak/,"Sectoral Review, Page 4",2026-10-07,report,high,no,no,Directly published figure: Corporate HR and talent acquisition hiring recorded 6% YoY growth in 2024.
SIG_MAD_002,industry,industry,marketing_manager,Advertising & Marketing,Total Indian Advertising Expenditure (AdEx),99038,99038,INR Crore,2023,India,Pitch Madison Advertising Report 2024,https://www.madisonindia.com/,"Overview Chapter, Page 6",2026-10-07,report,high,no,no,"Directly published industry figure: Total advertising expenditure in India stood at INR 99,038 Crore in 2023."
SIG_INFO_014,career,career,marketing_manager,Marketing & Brand Management,Marketing & Brand Management Hiring YoY Growth,7.0,7.0,% YoY,2024,India,Naukri JobSpeak 2024 Sectoral Review,https://www.infoedge.in/naukri-jobspeak/,"Sectoral Review, Page 4",2026-10-07,report,high,no,no,Directly published figure: Marketing and brand management hiring posted 7% YoY growth in 2024.
SIG_MAD_001,industry,industry,digital_marketing_specialist,Digital Advertising,Digital Share of Total Indian Advertising Expenditure,44.0,44.0,%,2023,India,Pitch Madison Advertising Report 2024,https://www.madisonindia.com/,"Digital Advertising, Page 8",2026-10-07,report,high,no,no,Directly published figure: Digital advertising contributed 44% to total advertising expenditure in India in 2023.
SIG_MAD_003,industry,industry,digital_marketing_specialist,Digital Advertising,Digital AdEx YoY Growth Rate,15.0,15.0,% YoY,2023,India,Pitch Madison Advertising Report 2024,https://www.madisonindia.com/,"Digital Advertising, Page 8",2026-10-07,report,high,no,no,Directly published figure: Digital advertising expenditure grew 15% YoY in 2023.
SIG_MOSPI_009,industry,industry,operations_manager,Transportation & Storage,Share of Usually Working Persons in Transportation & Storage,6.0,6.0,%,2023-2024,India,MoSPI Periodic Labour Force Survey Annual Report 2023-2024,https://www.mospi.gov.in/,"Statement 5, Page 58",2026-10-07,official,high,no,no,Official MoSPI PLFS figure: Transportation and storage activities (Section H) accounted for 6.0% of usually working persons.
SIG_LOG_001,industry,industry,operations_manager,Logistics & Supply Chain,Logistics Sector GDP Contribution Share,14.0,14.0,%,2023-2024,India,Logistics Division Ministry of Commerce and Industry Report 2024,https://dpiit.gov.in/,"Logistics Efficiency Chapter, Page 5",2026-10-07,official,high,no,no,Official Government of India figure: Logistics sector accounts for approximately 14% of India's GDP.
SIG_DGCA_002,regulatory,regulatory,commercial_pilot,Civil Aviation,Commercial Pilot Licences Issued in Calendar Year 2023,1622,1622,Licences,2023,India,DGCA Annual Report 2023-2024,https://www.dgca.gov.in/,"Licensing Statistics, Page 11",2026-10-07,official,high,no,no,"Official DGCA figure: 1,622 Commercial Pilot Licences (CPLs) were issued by the DGCA in calendar year 2023."
SIG_DGCA_003,industry,industry,commercial_pilot,Civil Aviation,Domestic Scheduled Passenger Traffic,152,152,Million Passengers,2023,India,Ministry of Civil Aviation Annual Report 2023-2024,https://www.civilaviation.gov.in/,"Traffic Statistics, Page 4",2026-10-07,official,high,no,no,Official MoCA figure: Domestic scheduled airline passenger traffic reached 152 million passengers in 2023.
SIG_BCI_001,regulatory,regulatory,lawyer_corporate,Legal Services,Total Enrolled Advocates in India,2000000,2000000,Advocates,2023,India,Bar Council of India Official Statistical Bulletin,https://www.barcouncilofindia.org/,"Enrolment Statistics, Page 2",2026-10-07,official,high,no,no,Official statutory BCI figure: Total registered advocate population across State Bar Councils stands at 2.0 million.
SIG_MOSPI_010,industry,industry,lawyer_corporate,Legal & Accounting,Legal and Accounting Activities Employment Share,0.8,0.8,%,2023-2024,India,MoSPI Periodic Labour Force Survey Annual Report 2023-2024,https://www.mospi.gov.in/,"Statement 5, Page 58",2026-10-07,official,high,no,no,Official MoSPI PLFS figure: Legal and accounting activities (Division 69) accounted for 0.8% of usually working persons.
SIG_PCI_001,regulatory,regulatory,pharmacist,Pharmaceuticals,Total Registered Pharmacists in India,1300000,1300000,Pharmacists,2023,India,Pharmacy Council of India National Pharmacist Register,https://www.pci.nic.in/,"Registration Dashboard, Page 1",2026-10-07,official,high,no,no,Official statutory PCI figure: Cumulative registered pharmacists maintained under the Pharmacy Act 1948 reached 1.30 million.
SIG_DOP_002,industry,industry,pharmacist,Pharmaceuticals,Indian Pharmaceutical Share of Global Generics Volume,20.0,20.0,%,2023-2024,India,Department of Pharmaceuticals Annual Report 2023-2024,https://pharmaceuticals.gov.in/,"Industry Overview, Page 7",2026-10-07,official,high,no,no,Official DoP figure: Indian pharma supplies approximately 20% of global generic medicines by volume.
SIG_DBT_001,industry,industry,biotechnologist,Biotechnology,India Bioeconomy Total Valuation,130,130,Billion USD,2023,India,Department of Biotechnology Bioeconomy Report 2024,https://dbtindia.gov.in/,"Bioeconomy Overview, Page 5",2026-10-07,official,high,no,no,Official DBT figure: India's bioeconomy reached a valuation of $130 Billion in calendar year 2023.
SIG_WEF_013,macro,macro,biotechnologist,Biotechnology,Global Employer Adoption of Biotechnology by 2030,44.0,44.0,%,2025-2030,Global,World Economic Forum Future of Jobs Report 2025,https://www.weforum.org/reports/the-future-of-jobs-report-2025/,"Chapter 2, Page 30",2026-10-07,report,high,no,no,Directly published figure: 44% of surveyed global employers expect to adopt biotechnology technologies by 2030.
SIG_MOEF_001,industry,industry,environmental_scientist,Renewable Energy & Environment,Total Installed Renewable Energy Capacity,180,180,Gigawatts (GW),FY2024,India,Ministry of New and Renewable Energy Annual Report 2023-2024,https://mnre.gov.in/,"Installed Capacity, Page 14",2026-10-07,official,high,no,no,Official MNRE figure: India achieved over 180 GW of total installed non-fossil and renewable energy capacity as of March 2024.
SIG_WEF_014,macro,macro,environmental_scientist,Environmental Technology,Global Employer Adoption of Environmental Management Technologies by 2030,65.0,65.0,%,2025-2030,Global,World Economic Forum Future of Jobs Report 2025,https://www.weforum.org/reports/the-future-of-jobs-report-2025/,"Chapter 2, Page 30",2026-10-07,report,high,no,no,Directly published figure: 65% of surveyed employers plan to adopt environmental management technologies by 2030.
SIG_INC_001,regulatory,regulatory,nursing_officer,Healthcare & Nursing,Registered Nurses and Midwives in India,3340000,3340000,Nurses & Midwives,2023,India,Indian Nursing Council Annual Statistical Report,https://www.indiannursingcouncil.org/,"Registration Statistics, Page 3",2026-10-07,official,high,no,no,Official statutory INC figure: Total registered nurses and registered midwives (RN & RM) stood at 3.34 million.
SIG_MOSPI_011,industry,industry,nursing_officer,Healthcare Services,Human Health Activities Employment Share,1.2,1.2,%,2023-2024,India,MoSPI Periodic Labour Force Survey Annual Report 2023-2024,https://www.mospi.gov.in/,"Statement 5, Page 58",2026-10-07,official,high,no,no,Official MoSPI PLFS figure: Human health activities (Section Q) accounted for 1.2% of usually working persons.
SIG_DCI_001,regulatory,regulatory,dentist_bds,Dental Healthcare,Total Registered Dentists in India,315000,315000,Dentists,2023-2024,India,Dental Council of India Annual Report,https://dciindia.gov.in/,"Dentists Register, Page 8",2026-10-07,official,high,no,no,"Official statutory DCI figure: Total registered dentists in India reached 315,000."
SIG_MOSPI_012,industry,industry,dentist_bds,Healthcare Services,Human Health Activities Employment Share,1.2,1.2,%,2023-2024,India,MoSPI Periodic Labour Force Survey Annual Report 2023-2024,https://www.mospi.gov.in/,"Statement 5, Page 58",2026-10-07,official,high,no,no,Official MoSPI PLFS figure: Human health activities (Section Q) accounted for 1.2% of usually working persons.
SIG_NCAHP_001,regulatory,regulatory,physiotherapist,Allied Healthcare,Registered Physiotherapy Professionals in India,95000,95000,Physiotherapists,2023,India,National Commission for Allied and Healthcare Professions,https://ncahp.gov.in/,"Baseline Assessment, Page 6",2026-10-07,official,high,no,no,"Official statutory NCAHP figure: Registered physiotherapy professional workforce across India enumerated at approximately 95,000 practitioners."
SIG_INFO_015,industry,industry,physiotherapist,Healthcare & Allied Medical,Healthcare and Allied Medical Hiring YoY Growth,11.0,11.0,% YoY,2024,India,Naukri JobSpeak 2024 Sectoral Review,https://www.infoedge.in/naukri-jobspeak/,"Sectoral Review, Page 4",2026-10-07,report,high,no,no,Directly published figure: Healthcare and allied medical services hiring registered 11% YoY growth in 2024.
SIG_NMC_001,regulatory,regulatory,doctor_mbbs,Medical Healthcare,Total Registered Allopathic Doctors in India,1308000,1308000,Doctors,2023,India,National Medical Commission National Register,https://www.nmc.org.in/,Indian Medical Register Statistics,2026-10-07,official,high,no,no,"Official statutory NMC figure: Total of 13,08,000 allopathic doctors registered on the Indian Medical Register as of 2023."
SIG_MOSPI_013,industry,industry,historian,Libraries Archives & Museums,Share of Usually Working Persons in Libraries Archives & Cultural Activities,0.1,0.1,%,2023-2024,India,MoSPI Periodic Labour Force Survey Annual Report 2023-2024,https://www.mospi.gov.in/,"Statement 5, Page 58",2026-10-07,official,high,no,no,"Official MoSPI PLFS figure: Libraries, archives, museums and other cultural activities (Division 91) accounted for 0.1% of usually working persons."
SIG_ASI_001,regulatory,regulatory,archaeologist,Archaeological Heritage,Centrally Protected Monuments and Archaeological Sites in India,3697,3697,Monuments,2023-2024,India,Archaeological Survey of India Official Monuments Register,https://asi.nic.in/,"Ministry of Culture Annual Report 2023-24, Page 12",2026-10-07,official,high,no,no,"Official statutory figure: ASI administers 3,697 Centrally Protected Monuments declared under the AMASR Act 1958."
SIG_MOSPI_014,industry,industry,geographer,Scientific R&D,Share of Usually Working Persons in Scientific Research and Development,0.3,0.3,%,2023-2024,India,MoSPI Periodic Labour Force Survey Annual Report 2023-2024,https://www.mospi.gov.in/,"Statement 5, Page 58",2026-10-07,official,high,no,no,Official MoSPI PLFS figure: Scientific research and development (Division 72) accounted for 0.3% of usually working persons.
SIG_GEO_001,industry,industry,gis_analyst,Geospatial & Space Tech,Indian Geospatial Economy Market Size Projection by 2025,63100,63100,INR Crore,2025,India,Geospatial World / Association of Geospatial Industries & DST Report 2023,https://geospatialworld.net/,"Executive Summary, Page 6",2026-10-07,report,high,no,no,"Official report figure: Under National Geospatial Policy 2022, Indian geospatial economy projected to reach INR 63,100 Crore ($7.6B) by 2025."
SIG_WEF_015,macro,macro,linguist,Artificial Intelligence & NLP,Global Employer Adoption of AI and NLP Technologies by 2030,75.0,75.0,%,2025-2030,Global,World Economic Forum Future of Jobs Report 2025,https://www.weforum.org/reports/the-future-of-jobs-report-2025/,"Chapter 2, Page 30",2026-10-07,report,high,no,no,Directly published figure: 75% of global surveyed employers expect to adopt artificial intelligence and language processing technologies by 2030.
SIG_MOSPI_015,industry,industry,translator_interpreter,Professional Services,Share of Usually Working Persons in Other Professional & Technical Services,0.5,0.5,%,2023-2024,India,MoSPI Periodic Labour Force Survey Annual Report 2023-2024,https://www.mospi.gov.in/,"Statement 5, Page 58",2026-10-07,official,high,no,no,"Official MoSPI PLFS figure: Other professional, scientific and technical activities (Division 74, including translation & interpretation) accounted for 0.5% of usually working persons."
SIG_MOSPI_016,industry,industry,political_scientist,Public Administration,Share of Usually Working Persons in Public Administration and Defence,3.4,3.4,%,2023-2024,India,MoSPI Periodic Labour Force Survey Annual Report 2023-2024,https://www.mospi.gov.in/,"Statement 5, Page 58",2026-10-07,official,high,no,no,Official MoSPI PLFS figure: Public administration and defence (Section O) accounted for 3.4% of usually working persons.
SIG_MOSPI_017,industry,industry,international_relations_specialist,Extraterritorial Bodies,Share of Usually Working Persons in Extraterritorial Organizations,0.1,0.1,%,2023-2024,India,MoSPI Periodic Labour Force Survey Annual Report 2023-2024,https://www.mospi.gov.in/,"Statement 5, Page 58",2026-10-07,official,high,no,no,Official MoSPI PLFS figure: Activities of extraterritorial organizations and bodies (Section U) accounted for 0.1% of usually working persons.
SIG_MOSPI_018,industry,industry,economist,Financial Activities,Share of Usually Working Persons in Financial and Insurance Activities,1.0,1.0,%,2023-2024,India,MoSPI Periodic Labour Force Survey Annual Report 2023-2024,https://www.mospi.gov.in/,"Statement 5, Page 58",2026-10-07,official,high,no,no,Official MoSPI PLFS figure: Financial and insurance activities (Section K) accounted for 1.0% of usually working persons.
SIG_RNI_001,regulatory,regulatory,journalist,Media & News Publishing,Total Registered Periodicals and Publications in India,144520,144520,Publications,2022-2023,India,Registrar of Newspapers for India 66th Annual Report,http://rni.nic.in/,"Press in India Overview, Page 1",2026-10-07,official,high,no,no,"Official statutory figure: Total registered newspapers and periodicals on record with RNI stood at 1,44,520 as of March 31, 2023."
