item,reason,source_tried
Adzuna India city vacancy counts (job_counts.csv),"Adzuna API credentials (ADZUNA_APP_ID, ADZUNA_APP_KEY) not configured in data_pipeline/.env; live API queries not executed. Zero synthetic estimates permitted.",Adzuna Developer API (https://developer.adzuna.com/)
Adzuna India advertised median salaries (adzuna_salary.csv),Raw Adzuna API salary response JSON payloads not available. Web scraping is strictly forbidden.,Adzuna Developer API (https://api.adzuna.com/v1/api/jobs/in/)
Salary percentile bands p10/p25/p50/p75/p90 (salary_bands.csv),Adzuna salary histogram raw JSON payloads not available to execute piecewise linear percentile interpolation. Heuristic percentile generation is strictly forbidden.,Adzuna Histogram Endpoint (https://api.adzuna.com/v1/api/jobs/in/histogram)
WEF Future of Jobs 2025 per-career role growth percentages (market_signals.csv),WEF 2025 Figure 2.3 is an infographic chart without explicit numerical percentage labels in the text. Fabricating range brackets is strictly forbidden.,World Economic Forum Future of Jobs Report 2025 (weforum.org/reports/the-future-of-jobs-report-2025/)
Per-career automation exposure scores (all careers),WEF Future of Jobs Report 2025 does not provide per-career automation exposure scores.,World Economic Forum Future of Jobs Report 2025 (weforum.org/reports/the-future-of-jobs-report-2025/)
Colleges hostel and mess fees (fees.csv),"Official academic fee notifications fix tuition and mandatory university dues, but do not fix a single mandatory hostel/mess fee. Approximate estimates are purged.","Official Institute Academic Fee Circulars (IIT Bombay, IIT Madras, AIIMS, Jadavpur)"
TNEA state quota closing ranks (cutoffs.csv),DoTE Tamil Nadu full allotment PDF rank lists not yet parsed line-by-line; unverified entries purged.,TNEA Official Portal (https://www.tneaonline.org/)
WBJEE state quota closing ranks (cutoffs.csv),WBJEEB full allotment PDF rank lists not yet parsed line-by-line; unverified entries purged.,WBJEEB Official Portal (https://wbjeeb.nic.in/)
NID B.Des median CTC (arts_design_media_metrics.csv),NID does not disclose batch median CTC in public reports or Annual Reports.,National Institute of Design Annual Report 2021-22 & 2022-23 (nid.edu)
NIFT B.Des batch median CTC (arts_design_media_metrics.csv),NIFT reports average CTC (~5.5 LPA) but does not explicitly disclose median CTC in Annual Reports. Average CTC cannot be substituted for median CTC.,National Institute of Fashion Technology 39th Annual Report (nift.ac.in)
FICCI-EY 2024 AVGC job demand headcount (arts_design_media_metrics.csv),Job demand is not explicitly quantified as a headcount in the report. Derivation from market size is prohibited by pipeline rules.,FICCI-EY Media & Entertainment Report 2024 (ey.com)
Lumikai esports player average income (arts_design_media_metrics.csv),"Lumikai report tracks total casual gamers and market revenue, but does not publish an audited average income for professional esports players.",Lumikai State of India Gaming Report FY23 (lumikai.com)
Payoneer India graphic designer isolated hourly rate (arts_design_media_metrics.csv),Payoneer Global Freelancer Income Report publishes global average rates; India-specific rate for graphic designers is not isolated.,Payoneer Global Freelancer Income Report (payoneer.com)
Payoneer India video editor isolated hourly rate (arts_design_media_metrics.csv),Payoneer Global Freelancer Income Report does not publish an India-isolated video editor hourly rate.,Payoneer Global Freelancer Income Report (payoneer.com)
Kalaari Capital living wage percentage (arts_design_media_metrics.csv),Kalaari Creator Economy Report does not explicitly define or report a living wage percentage.,Kalaari Capital Creator Economy in India Report (kalaari.com)
NASSCOM Strategic Review granular career salary compensation tables,Gated behind member-only paid paywall on NASSCOM Insights; public summaries omit career-level tables.,NASSCOM Insights (nasscom.in/insights)
