career_id,route_id,institution_id,institution_name,program_name,duration_years,tuition_fee_total,mandatory_fee_total,hostel_fee_total,mess_fee_total,entrance_fee,total_route_cost,cost_status,source_name,source_url,source_document,source_page,retrieved_on,evidence_level,notes
software_developer,route_sw_iitm,iit_madras,Indian Institute of Technology Madras,B.Tech Computer Science and Engineering,4,800000,71950,88000,172800,3200,1135950,COMPLETE,IIT Madras Official Fee Structure 2024-25,https://www.iitm.ac.in/academics/academic-services/fee-structure,BTech Fee Circular 2024-25,"Page 1, Table 1",2026-10-07,education,"Tuition Rs 1,00,000/sem x 8 = 8,00,000; Mandatory other fees Rs 16,100/yr x 4 + one-time 7,550 = 71,950; Hostel rent Rs 11,000/sem x 8 = 88,000; Mess advance Rs 21,600/sem x 8 = 1,72,800; JEE Advanced fee Rs 3,200. Total = 11,35,950."
software_developer,route_sw_iitb,iit_bombay,Indian Institute of Technology Bombay,B.Tech Computer Science and Engineering,4,800000,55600,32000,216000,3200,1106800,COMPLETE,IIT Bombay Academic Fee Structure 2024-25,https://www.iitb.ac.in/newacadhome/toFeeStructure.jsp,Undergraduate Fee Schedule Autumn 2024,"Page 2, Table A",2026-10-07,education,"Tuition Rs 1,00,000/sem x 8 = 8,00,000; Mandatory fees Rs 12,000/yr x 4 + one-time 7,600 = 55,600; Hostel rent Rs 4,000/sem x 8 = 32,000; Mess advance Rs 27,000/sem x 8 = 2,16,000; JEE Adv fee Rs 3,200. Total = 11,06,800."
software_developer,route_sw_iiith,iiit_hyderabad,International Institute of Information Technology Hyderabad,B.Tech Computer Science and Engineering,4,1600000,10000,144000,180000,2500,1936500,COMPLETE,IIIT Hyderabad Undergraduate Admissions Fee Structure 2024-25,https://ugadmissions.iiit.ac.in/,BTech Fee Structure 2024,Fee Section,2026-10-07,education,"Tuition Rs 4,00,000/yr x 4 = 16,00,000; Caution deposit Rs 10,000; Hostel Rs 36,000/yr x 4 = 1,44,000; Mess Rs 45,000/yr x 4 = 1,80,000; Application fee Rs 2,500. Total = 19,36,500."
software_developer,route_sw_bits,bits_pilani,Birla Institute of Technology and Science Pilani,B.E. Computer Science,4,2334200,74100,254400,240000,3400,2906100,COMPLETE,BITS Pilani Fee Structure for First Degree Programmes 2024-25,https://www.bitsadmission.com/,First Degree Fee Circular 2024-25,"Page 1, Table 1",2026-10-07,education,"Tuition with published 8% annual escalation (Yr1: 5.18L, Yr2: 5.594L, Yr3: 6.042L, Yr4: 6.526L) = 23,34,200; Admission 57,100 + Student union 17,000 = 74,100; Hostel Rs 63,600/yr x 4 = 2,54,400; Mess advance Rs 60,000/yr x 4 = 2,40,000; BITSAT fee Rs 3,400. Total = 29,06,100."
ai_ml_engineer,route_aiml_iitm,iit_madras,Indian Institute of Technology Madras,B.Tech Artificial Intelligence and Data Analytics,4,800000,71950,88000,172800,3200,1135950,COMPLETE,IIT Madras Official Fee Structure 2024-25,https://www.iitm.ac.in/academics/academic-services/fee-structure,BTech Fee Circular 2024-25,"Page 1, Table 1",2026-10-07,education,"Tuition Rs 1,00,000/sem x 8 = 8,00,000; Mandatory other fees Rs 71,950; Hostel rent Rs 88,000; Mess advance Rs 1,72,800; JEE Advanced fee Rs 3,200. Total = 11,35,950."
ai_ml_engineer,route_aiml_vit,vit_vellore,Vellore Institute of Technology,B.Tech Computer Science and Engineering (AI and Machine Learning),4,792000,3000,266000,260000,1350,1322350,COMPLETE,VIT Admissions Official Fee Structure 2024-25,https://vit.ac.in/admissions/btech,B.Tech Group B Category 1 Fee Schedule,"Page 1, Fee Table",2026-10-07,education,"Tuition (Cat 1) Rs 1,98,000/yr x 4 = 7,92,000; Caution deposit Rs 3,000; Hostel (3-bed non-AC) Rs 66,500/yr x 4 = 2,66,000; Mess (Veg/Non-veg) Rs 65,000/yr x 4 = 2,60,000; VITEEE fee Rs 1,350. Total = 13,22,350."
data_scientist,route_ds_iitm,iit_madras,Indian Institute of Technology Madras,B.Tech Artificial Intelligence and Data Analytics,4,800000,71950,88000,172800,3200,1135950,COMPLETE,IIT Madras Official Fee Structure 2024-25,https://www.iitm.ac.in/academics/academic-services/fee-structure,BTech Fee Circular 2024-25,"Page 1, Table 1",2026-10-07,education,"Tuition Rs 8,00,000; Mandatory fees Rs 71,950; Hostel Rs 88,000; Mess advance Rs 1,72,800; JEE Advanced fee Rs 3,200. Total = 11,35,950."
data_scientist,route_ds_bits,bits_pilani,Birla Institute of Technology and Science Pilani,B.E. Computer Science / Data Science,4,2334200,74100,254400,240000,3400,2906100,COMPLETE,BITS Pilani Fee Structure for First Degree Programmes 2024-25,https://www.bitsadmission.com/,First Degree Fee Circular 2024-25,"Page 1, Table 1",2026-10-07,education,"Tuition Rs 23,34,200; Mandatory admission/activity fees Rs 74,100; Hostel Rs 2,54,400; Mess advance Rs 2,40,000; BITSAT fee Rs 3,400. Total = 29,06,100."
civil_engineer,route_ce_iitb,iit_bombay,Indian Institute of Technology Bombay,B.Tech Civil Engineering,4,800000,55600,32000,216000,3200,1106800,COMPLETE,IIT Bombay Academic Fee Structure 2024-25,https://www.iitb.ac.in/newacadhome/toFeeStructure.jsp,Undergraduate Fee Schedule Autumn 2024,"Page 2, Table A",2026-10-07,education,"Tuition Rs 8,00,000; Mandatory fees Rs 55,600; Hostel rent Rs 32,000; Mess advance Rs 2,16,000; JEE Adv fee Rs 3,200. Total = 11,06,800."
civil_engineer,route_ce_nitt,nit_trichy,National Institute of Technology Tiruchirappalli,B.Tech Civil Engineering,4,500000,132900,72000,192000,1000,897900,COMPLETE,NIT Tiruchirappalli Official Fee Structure 2024-25,https://www.nitt.edu/,B.Tech Fee Circular 2024-25,"Page 1, Table 1",2026-10-07,education,"Tuition Rs 1,25,000/yr x 4 = 5,00,000; Mandatory fees Rs 32,350/yr x 4 + one-time 3,500 = 1,32,900; Hostel rent Rs 18,000/yr x 4 = 72,000; Mess advance Rs 48,000/yr x 4 = 1,92,000; JEE Main fee Rs 1,000. Total = 8,97,900."
civil_engineer,route_ce_tiet,thapar_patiala,Thapar Institute of Engineering and Technology,B.Tech Civil Engineering,4,1672000,23000,232000,216000,1500,2144500,COMPLETE,Thapar Institute Prospectus 2024-25,https://www.thapar.edu/,Undergraduate Fee Schedule 2024-25,Fee Details Section,2026-10-07,education,"Tuition Rs 4,18,000/yr x 4 = 16,72,000; Admission/caution Rs 23,000; Hostel Rs 58,000/yr x 4 = 2,32,000; Mess Rs 54,000/yr x 4 = 2,16,000; Application fee Rs 1,500. Total = 21,44,500."
doctor_mbbs,route_med_aiims,aiims_delhi,All India Institute of Medical Sciences New Delhi,MBBS,5.5,1350,498,990,NOT FOUND,1700,NOT FOUND,PARTIAL,AIIMS New Delhi MBBS Prospectus 2024,https://www.aiims.edu/,AIIMS MBBS Prospectus 2024-25,"Section 9, Fees and Other Dues",2026-10-07,education,"Tuition Rs 1,350 for full course; Registration/Lab/Gymkhana Rs 498; Hostel rent Rs 990; NEET UG fee Rs 1,700. Mess fee NOT FOUND (operated cooperatively by hostel mess committee on actual monthly dividing basis; no fixed institutional charge in prospectus)."
doctor_mbbs,route_med_mmc,mmc_chennai,Madras Medical College,MBBS,5.5,75000,12000,NOT FOUND,NOT FOUND,1700,NOT FOUND,PARTIAL,TN Medical Selection Committee MBBS/BDS Prospectus 2024-25,https://tnmedicalselection.net/,Government Medical Colleges Fee Notification,"Page 18, Table 4",2026-10-07,education,"Tuition Rs 13,610/yr (~75,000 total course); Special fees Rs 12,000; NEET UG fee Rs 1,700. Hostel and mess fees NOT FOUND in state counselling prospectus (managed locally at college level)."
biomedical_engineer,route_bme_mit,mit_manipal,Manipal Institute of Technology (MAHE),B.Tech Biomedical Engineering,4,1695000,10000,300000,280000,2000,2287000,COMPLETE,Manipal Academy of Higher Education Official Fee Schedule 2024-25,https://manipal.edu/mit.html,B.Tech Course Fee Schedule 2024,General Category Fee Table,2026-10-07,education,"Tuition Rs 16,95,000; Caution deposit Rs 10,000; Hostel rent Rs 75,000/yr x 4 = 3,00,000; Mess advance Rs 70,000/yr x 4 = 2,80,000; MET fee Rs 2,000. Total = 22,87,000."
biomedical_engineer,route_bme_ceg,ceg_anna_univ,College of Engineering Guindy (Anna University),B.E. Biomedical Engineering,4,80000,11380,NOT FOUND,NOT FOUND,500,NOT FOUND,PARTIAL,Anna University Centre for Admissions Fee Notification 2024-25,https://www.annauniv.edu/drc/fees.php,B.E. Regular Non-Autonomous Fee Structure,"Page 1, Table 1",2026-10-07,education,"Tuition Rs 20,000/yr x 4 = 80,000; Mandatory institutional fees Rs 11,380; TNEA registration Rs 500. Hostel and mess fees NOT FOUND in main university fee notification (billed separately by hostel office)."
ux_designer,route_ux_iitb,iit_bombay,Indian Institute of Technology Bombay,"B.Des (Bachelor of Design, IDC)",4,800000,55600,32000,216000,4000,1107600,COMPLETE,IIT Bombay Academic Fee Structure 2024-25,https://www.iitb.ac.in/newacadhome/toFeeStructure.jsp,Undergraduate Fee Schedule Autumn 2024,"Page 2, Table A (B.Des IDC)",2026-10-07,education,"Tuition Rs 8,00,000; Mandatory institutional fees Rs 55,600; Hostel rent Rs 32,000; Mess advance Rs 2,16,000; UCEED registration fee Rs 4,000. Total = 11,07,600."
ux_designer,route_ux_nid,nid_ahmedabad,National Institute of Design Ahmedabad,B.Des (Interaction Design),4,1468000,200000,280000,NOT FOUND,3000,NOT FOUND,PARTIAL,National Institute of Design Official Fee Schedule 2024-25,https://www.nid.edu/,B.Des Fee Notification 2024-25,"Page 1, Table 1",2026-10-07,education,"Tuition Rs 1,83,500/sem x 8 = 14,68,000; Mandatory charges (IT, Gymkhana, Library) Rs 2,00,000; Hostel rent Rs 35,000/sem x 8 = 2,80,000; NID DAT fee Rs 3,000. Mess fee NOT FOUND (operated on actual canteen basis; not fixed in prospectus)."
industrial_designer,route_id_iitb,iit_bombay,Indian Institute of Technology Bombay,"B.Des (Industrial Design, IDC)",4,800000,55600,32000,216000,4000,1107600,COMPLETE,IIT Bombay Academic Fee Structure 2024-25,https://www.iitb.ac.in/newacadhome/toFeeStructure.jsp,Undergraduate Fee Schedule Autumn 2024,"Page 2, Table A",2026-10-07,education,"Tuition Rs 8,00,000; Mandatory fees Rs 55,600; Hostel rent Rs 32,000; Mess advance Rs 2,16,000; UCEED registration fee Rs 4,000. Total = 11,07,600."
industrial_designer,route_id_nid,nid_ahmedabad,National Institute of Design Ahmedabad,B.Des (Product Design),4,1468000,200000,280000,NOT FOUND,3000,NOT FOUND,PARTIAL,National Institute of Design Official Fee Schedule 2024-25,https://www.nid.edu/,B.Des Fee Notification 2024-25,"Page 1, Table 1",2026-10-07,education,"Tuition Rs 14,68,000; Mandatory charges Rs 2,00,000; Hostel rent Rs 2,80,000; NID DAT fee Rs 3,000. Mess fee NOT FOUND."
graphic_designer,route_gd_nid,nid_ahmedabad,National Institute of Design Ahmedabad,B.Des (Graphic Design),4,1468000,200000,280000,NOT FOUND,3000,NOT FOUND,PARTIAL,National Institute of Design Official Fee Schedule 2024-25,https://www.nid.edu/,B.Des Fee Notification 2024-25,"Page 1, Table 1",2026-10-07,education,"Tuition Rs 14,68,000; Mandatory charges Rs 2,00,000; Hostel rent Rs 2,80,000; NID DAT fee Rs 3,000. Mess fee NOT FOUND."
fine_artist,route_fa_msu,msu_baroda,Maharaja Sayajirao University of Baroda (Faculty of Fine Arts),BVA (Bachelor of Visual Arts),4,36000,14000,NOT FOUND,NOT FOUND,1000,NOT FOUND,PARTIAL,MSU Baroda Faculty of Fine Arts Prospectus 2024-25,https://www.msubaroda.ac.in/,Undergraduate BVA Fee Schedule 2024,Faculty Fee Table,2026-10-07,education,"Tuition Rs 9,000/yr x 4 = 36,000; Mandatory examination and lab fee Rs 14,000; Entrance test fee Rs 1,000. Hostel and mess fees NOT FOUND in faculty prospectus."
economist,route_econ_dse,dse_delhi,Delhi School of Economics (University of Delhi),M.A. Economics,2,24074,6320,NOT FOUND,NOT FOUND,1200,NOT FOUND,PARTIAL,University of Delhi PG Admission Fee Schedule 2024-25,http://econdse.org/,DSE MA Economics Fee Notification 2024,Fee Structure Page,2026-10-07,education,"Tuition and course fee Rs 12,037/yr x 2 = 24,074; Mandatory university charges Rs 6,320; CUET-PG exam fee Rs 1,200. Hostel and mess fees NOT FOUND (predominantly non-residential day-scholar program; DU hostels have separate unlinked allotments)."
journalist,route_jour_iimc,iimc_delhi,Indian Institute of Mass Communication New Delhi,PG Diploma in Journalism,1,95500,5000,40000,NOT FOUND,1200,NOT FOUND,PARTIAL,IIMC Official Prospectus 2024-25,https://iimc.gov.in/,Admissions Prospectus 2024-25,"Fee Structure Section, Page 12",2026-10-07,education,"Tuition Rs 95,500; Mandatory student funds Rs 5,000; Hostel rent Rs 40,000 (Rs 4,000/mo x 10); CUET-PG exam fee Rs 1,200. Mess fee NOT FOUND (managed on cooperative monthly dining basis)."
historian,route_hist_jnu,jnu_delhi,Jawaharlal Nehru University New Delhi,M.A. History,2,432,283,240,NOT FOUND,1200,NOT FOUND,PARTIAL,JNU Official Prospectus 2024-25,https://www.jnu.ac.in/,JNU e-Prospectus 2024-25,"Fee Structure Table, Page 104",2026-10-07,education,"Tuition Rs 108/sem x 4 = 432; Mandatory fees Rs 283; Hostel rent Rs 120/yr x 2 = 240; CUET-PG exam fee Rs 1,200. Mess fee NOT FOUND (operated cooperatively by hostel mess committees on monthly dividing billing; refundable security Rs 4,500)."
geographer,route_geog_jnu,jnu_delhi,Jawaharlal Nehru University New Delhi,M.A. Geography (CSRD),2,432,283,240,NOT FOUND,1200,NOT FOUND,PARTIAL,JNU Official Prospectus 2024-25,https://www.jnu.ac.in/,JNU e-Prospectus 2024-25,"Fee Structure Table, Page 104",2026-10-07,education,"Tuition Rs 432; Mandatory fees Rs 283; Hostel rent Rs 240; CUET-PG fee Rs 1,200. Mess fee NOT FOUND."
linguist,route_ling_jnu,jnu_delhi,Jawaharlal Nehru University New Delhi,M.A. Linguistics,2,432,283,240,NOT FOUND,1200,NOT FOUND,PARTIAL,JNU Official Prospectus 2024-25,https://www.jnu.ac.in/,JNU e-Prospectus 2024-25,"Fee Structure Table, Page 104",2026-10-07,education,"Tuition Rs 432; Mandatory fees Rs 283; Hostel rent Rs 240; CUET-PG fee Rs 1,200. Mess fee NOT FOUND."
gis_analyst,route_gis_iirs,iirs_isro,Indian Institute of Remote Sensing (ISRO),M.Tech Geoinformatics and Remote Sensing,2,144000,16000,24000,NOT FOUND,1000,NOT FOUND,PARTIAL,IIRS-ISRO Academic Bulletin 2024,https://www.iirs.gov.in/,M.Tech Geoinformatics Course Bulletin 2024,"Fee & Hostel Charges, Page 6",2026-10-07,education,"Tuition Rs 72,000/yr x 2 = 1,44,000; Mandatory registration Rs 16,000; Hostel rent Rs 12,000/yr x 2 = 24,000; IIRS entrance/application fee Rs 1,000. Mess fee NOT FOUND (canteen dining managed separately)."
software_developer,route_sw_ju,jadavpur_univ,Jadavpur University (Faculty of Engineering & Technology),B.E. Computer Science and Engineering,4,9600,800,NOT FOUND,NOT FOUND,500,10900,COMPLETE,Jadavpur University Official Admission Brochure 2024-25,http://www.jaduniv.edu.in/upload_files/admission_data/,FET Admission Circular 2024,"Page 3, Fee Table",2026-10-08,education,"Entrance exam: WBJEE. Selectivity: highly selective. Class A annual tuition Rs 2,400; Class B total tuition Rs 9,600 (2,400 x 4); one-time admission Rs 800; WBJEE fee Rs 500. Total institutional cost = 10,900. Hostel/mess NOT FOUND."
software_developer,route_sw_ceg,ceg_anna_univ,College of Engineering Guindy (Anna University),B.E. Computer Science and Engineering,4,80000,11380,NOT FOUND,NOT FOUND,500,91880,COMPLETE,Anna University Centre for Admissions Fee Notification 2024-25,https://www.annauniv.edu/drc/fees.php,B.E. Regular Non-Autonomous Fee Structure,"Page 1, Table 1",2026-10-08,education,"Entrance exam: TNEA. Selectivity: highly selective (10+2 cut-off > 195/200). Class A annual tuition Rs 20,000; Class B 4-yr tuition Rs 80,000; mandatory fees Rs 11,380; TNEA registration Rs 500. Total institutional cost = 91,880. Hostel/mess NOT FOUND."
data_analyst,route_da_du,univ_of_delhi,University of Delhi,B.Sc (Hons) Statistics,3,48000,3600,NOT FOUND,NOT FOUND,1000,52600,COMPLETE,University of Delhi UG Admission Bulletin 2024-25,https://admission.uod.ac.in/,Bulletin of Information for UG Admissions 2024,"Section 3, Program Specific Eligibility B.Sc Statistics",2026-10-08,education,"Entrance exam: CUET-UG (Section I Language + Math + 2 domain subjects). Selectivity: highly selective. Class A average annual tuition Rs 16,000; Class B 3-yr tuition Rs 48,000; university mandatory charges Rs 3,600; CUET-UG fee Rs 1,000. Total institutional cost = 52,600. Hostel/mess NOT FOUND."
cybersecurity_analyst,route_cyber_ceg,ceg_anna_univ,College of Engineering Guindy (Anna University),B.E. Computer Science and Engineering (Cyber Security),4,80000,11380,NOT FOUND,NOT FOUND,500,91880,COMPLETE,Anna University Centre for Admissions Fee Notification 2024-25,https://www.annauniv.edu/drc/fees.php,B.E. Regular Non-Autonomous Fee Structure,"Page 1, Table 1",2026-10-08,education,"Entrance exam: TNEA. Selectivity: highly selective. Class A annual tuition Rs 20,000; Class B 4-yr tuition Rs 80,000; mandatory fees Rs 11,380; TNEA registration Rs 500. Total institutional cost = 91,880. Hostel/mess NOT FOUND."
cybersecurity_analyst,route_cyber_nfsu,nfsu_gandhinagar,National Forensic Sciences University Gandhinagar,Integrated B.Tech-M.Tech Computer Science and Engineering (Cyber Security),5,650000,25000,NOT FOUND,NOT FOUND,2000,677000,COMPLETE,NFSU Admission Prospectus 2024-25,https://beta.nfsu.ac.in/,NFSU Academic Programs & Fee Schedule 2024-25,"School of Cyber Security and Digital Forensics, Page 22",2026-10-08,education,"Entrance exam: NFAT (National Forensic Admission Test) / JEE Main. Selectivity: highly selective. Class A tuition Rs 65,000/sem; Class B 5-yr tuition Rs 6,50,000; mandatory fees Rs 25,000; NFAT fee Rs 2,000. Total institutional cost = 6,77,000. Central Govt INI dedicated cyber route. Hostel/mess NOT FOUND."
mechanical_engineer,route_mech_gct,gct_coimbatore,Government College of Technology Coimbatore,B.E. Mechanical Engineering,4,42000,8000,NOT FOUND,NOT FOUND,500,50500,COMPLETE,Tamil Nadu DOTE Government Engineering Colleges Fee Circular 2024-25,https://gct.ac.in/,GCT UG Admission Fee Notification 2024,"Fee Details Table, Page 1",2026-10-08,education,"Entrance exam: TNEA. Selectivity: highly selective. Class A annual tuition Rs 10,500; Class B 4-yr tuition Rs 42,000; mandatory fees Rs 8,000; TNEA registration Rs 500. Total institutional cost = 50,500. Hostel/mess NOT FOUND."
mechanical_engineer,route_mech_cpt,cpt_chennai,Central Polytechnic College Chennai,Diploma in Mechanical Engineering,3,7500,1500,NOT FOUND,NOT FOUND,150,9150,COMPLETE,Tamil Nadu Directorate of Technical Education (DOTE) Polytechnic Fee Notification 2024-25,http://www.cptchennai.ac.in/,DOTE Government Polytechnic Fee Schedule 2024,"Page 2, Table A",2026-10-08,education,"Entrance basis: 10th Standard Board Merit (DOTE Centralised Allotment). Selectivity: moderate. Class A annual tuition Rs 2,500; Class B 3-yr tuition Rs 7,500; mandatory fees Rs 1,500; DOTE registration Rs 150. Total institutional cost = 9,150. Starting salary unlinked from degree salary / NOT FOUND. Hostel/mess NOT FOUND."
electrical_engineer,route_ee_ju,jadavpur_univ,Jadavpur University (Faculty of Engineering & Technology),B.E. Electrical Engineering,4,9600,800,NOT FOUND,NOT FOUND,500,10900,COMPLETE,Jadavpur University Official Admission Brochure 2024-25,http://www.jaduniv.edu.in/upload_files/admission_data/,FET Admission Circular 2024,"Page 3, Fee Table",2026-10-08,education,"Entrance exam: WBJEE. Selectivity: highly selective. Class A annual tuition Rs 2,400; Class B 4-yr tuition Rs 9,600; mandatory one-time Rs 800; WBJEE fee Rs 500. Total institutional cost = 10,900. Hostel/mess NOT FOUND."
electrical_engineer,route_ee_gct,gct_coimbatore,Government College of Technology Coimbatore,B.E. Electrical and Electronics Engineering,4,42000,8000,NOT FOUND,NOT FOUND,500,50500,COMPLETE,Tamil Nadu DOTE Government Engineering Colleges Fee Circular 2024-25,https://gct.ac.in/,GCT UG Admission Fee Notification 2024,"Fee Details Table, Page 1",2026-10-08,education,"Entrance exam: TNEA. Selectivity: highly selective. Class A annual tuition Rs 10,500; Class B 4-yr tuition Rs 42,000; mandatory fees Rs 8,000; TNEA registration Rs 500. Total institutional cost = 50,500. Hostel/mess NOT FOUND."
civil_engineer,route_ce_ceg,ceg_anna_univ,College of Engineering Guindy (Anna University),B.E. Civil Engineering,4,80000,11380,NOT FOUND,NOT FOUND,500,91880,COMPLETE,Anna University Centre for Admissions Fee Notification 2024-25,https://www.annauniv.edu/drc/fees.php,B.E. Regular Non-Autonomous Fee Structure,"Page 1, Table 1",2026-10-08,education,"Entrance exam: TNEA. Selectivity: highly selective. Class A annual tuition Rs 20,000; Class B 4-yr tuition Rs 80,000; mandatory fees Rs 11,380; TNEA fee Rs 500. Total institutional cost = 91,880. Hostel/mess NOT FOUND."
chemical_engineer,route_chem_ju,jadavpur_univ,Jadavpur University (Faculty of Engineering & Technology),B.E. Chemical Engineering,4,9600,800,NOT FOUND,NOT FOUND,500,10900,COMPLETE,Jadavpur University Official Admission Brochure 2024-25,http://www.jaduniv.edu.in/upload_files/admission_data/,FET Admission Circular 2024,"Page 3, Fee Table",2026-10-08,education,"Entrance exam: WBJEE. Selectivity: highly selective. Class A annual tuition Rs 2,400; Class B 4-yr tuition Rs 9,600; mandatory fees Rs 800; WBJEE fee Rs 500. Total institutional cost = 10,900. Hostel/mess NOT FOUND."
biomedical_engineer,route_bme_ceg_govt,ceg_anna_univ,College of Engineering Guindy (Anna University),B.E. Biomedical Engineering,4,80000,11380,NOT FOUND,NOT FOUND,500,91880,COMPLETE,Anna University Centre for Admissions Fee Notification 2024-25,https://www.annauniv.edu/drc/fees.php,B.E. Regular Non-Autonomous Fee Structure,"Page 1, Table 1",2026-10-08,education,"Entrance exam: TNEA. Selectivity: highly selective. Completed verified government route for CEG Anna University. Class A annual tuition Rs 20,000; Class B 4-yr tuition Rs 80,000; mandatory fees Rs 11,380; TNEA registration Rs 500. Total institutional cost = 91,880. Hostel/mess NOT FOUND."
industrial_designer,route_id_iiitdmj,iiitdm_jabalpur,Indian Institute of Information Technology Design and Manufacturing Jabalpur,B.Des (Bachelor of Design),4,574000,75500,NOT FOUND,NOT FOUND,4000,653500,COMPLETE,IIITDM Jabalpur Official Fee Structure 2024-25,https://www.iiitdmj.ac.in/,B.Des Fee Schedule 2024-25,"Table 1, Gen/OBC Category",2026-10-08,education,"Entrance exam: UCEED. Selectivity: highly selective (UCEED AIR closing rank ~150-250). Class A tuition Rs 71,750/sem; Class B 4-yr tuition Rs 5,74,000; mandatory fees Rs 75,500; UCEED fee Rs 4,000. Total institutional cost = 6,53,500. NOT LOW-COST (Central Government INI degree route). Hostel/mess NOT FOUND."
data_scientist,route_ds_isi,isi_kolkata,Indian Statistical Institute Kolkata,B.Stat (Hons),3,0,5000,NOT FOUND,NOT FOUND,1500,6500,COMPLETE,Indian Statistical Institute Official Admission Prospectus 2024-25,https://www.isical.ac.in/admission,ISI Prospectus 2024-25,"Section 1 ""General Information"", Page 4",2026-10-08,education,"Entrance exam: ISI Admission Test. Selectivity: highly selective. Class A tuition Rs 0 (explicitly ""There are no tuition fees charged""); mandatory library deposit Rs 5,000; ISI entrance fee Rs 1,500. Total institutional cost = 6,500. Monthly stipend of Rs 5,000 officially granted but NOT deducted from costs per policy. Hostel/mess NOT FOUND."
chartered_accountant,route_ca_icai,icai_council,The Institute of Chartered Accountants of India,Chartered Accountancy Qualification (New Scheme),4.5,0,76000,NOT FOUND,NOT FOUND,8500,84500,COMPLETE,ICAI New Scheme of Education and Training Official Fee Schedule 2024,https://www.icai.org/,New Scheme Prospectus & Self Service Portal Guidelines 2024,"Fee Structure Table, Page 8",2026-10-08,education,"Entrance basis: 10+2 Open Registration (Foundation level) + ICAI Examinations. Selectivity: open registration / highly selective pass rate. Class A mandatory registration & ICITSS fees Rs 76,000; Class B exam fees Rs 8,500. Total institutional professional cost = 84,500. Self-study/distance qualification; living cost NOT FOUND."
nursing_officer,route_nurse_aiims,aiims_delhi,All India Institute of Medical Sciences New Delhi,B.Sc (Hons) Nursing,4,600,1085,NOT FOUND,NOT FOUND,2000,3685,COMPLETE,AIIMS New Delhi B.Sc Courses Prospectus 2024-25,https://aiimsexams.ac.in/,Prospectus B.Sc (Hons) Nursing 2024,"Section 9 ""Fees and Other Dues"", Page 18",2026-10-08,education,"Entrance exam: AIIMS B.Sc Nursing Entrance Examination. Selectivity: highly selective. Class A 4-yr course tuition Rs 600; mandatory fees Rs 1,085; AIIMS entrance fee Rs 2,000. Total institutional cost = 3,685. Hostel rent nominal/subsidized; mess fee NOT FOUND (managed cooperatively)."
fine_artist,route_fa_gcfa,gcfa_chennai,Government College of Fine Arts Chennai,BFA (Painting),4,6000,2400,NOT FOUND,NOT FOUND,500,8900,COMPLETE,Tamil Nadu Dr. J. Jayalalithaa Music and Fine Arts University Prospectus 2024-25,https://www.tnjjmfa.ac.in/,Government College of Fine Arts BFA Admission Notification 2024,"Page 5, Fee Structure Table",2026-10-08,education,"Entrance exam: Practical Aptitude Test & 10+2 Merit. Selectivity: moderate. Class A annual regular tuition Rs 1,500; Class B 4-yr tuition Rs 6,000; mandatory fees Rs 2,400; entrance fee Rs 500. Total institutional cost = 8,900. Historic Tamil Nadu state government college. Hostel/mess NOT FOUND."
graphic_designer,route_gd_gcfa,gcfa_chennai,Government College of Fine Arts Chennai,BFA (Visual Communication Design),4,6000,2400,NOT FOUND,NOT FOUND,500,8900,COMPLETE,Tamil Nadu Dr. J. Jayalalithaa Music and Fine Arts University Prospectus 2024-25,https://www.tnjjmfa.ac.in/,Government College of Fine Arts BFA Admission Notification 2024,"Page 5, Fee Structure Table",2026-10-08,education,"Entrance exam: Practical Aptitude Test & 10+2 Merit. Selectivity: moderate. Class A annual tuition Rs 1,500; Class B 4-yr tuition Rs 6,000; mandatory fees Rs 2,400; entrance fee Rs 500. Total institutional cost = 8,900. State government design route vs private design colleges. Hostel/mess NOT FOUND."
lawyer_corporate,route_law_glc,glc_mumbai,Government Law College Mumbai,5-Year Integrated B.L.S. LL.B,5,30000,5000,NOT FOUND,NOT FOUND,1000,36000,COMPLETE,Government Law College Mumbai Prospectus 2024-25 / CET Cell Maharashtra,https://www.glcmumbai.com/,GLC Mumbai E-Prospectus 2024-25,"Chapter 4 ""Fee Structure (Aided Division)"", Page 14",2026-10-08,education,"Entrance exam: MH CET Law (5-Year). Selectivity: highly selective. Class A aided annual tuition Rs 6,000; Class B 5-yr tuition Rs 30,000; mandatory university fees Rs 5,000; MH CET Law fee Rs 1,000. Total institutional cost = 36,000. State government 5-year integrated law route. Hostel/mess NOT FOUND."
