career_id,level,evidence_level,p10,p25,p50,p75,p90,unit,source_type,source_name,source_url,year,confidence,is_estimate,notes
ai_ml_engineer,entry_level_0_to_2_yr,regulatory,NOT FOUND,NOT FOUND,6.73,NOT FOUND,NOT FOUND,LPA,official,DRDO RAC Scientist B (AI/ML) / 7th CPC Level 10,https://rac.gov.in/,2024,high,no,"Direct official central government AI/ML R&D officer entry pay: 7th CPC Pay Matrix Level 10 (Index 1: Basic Rs 56,100/mo = 6.73 LPA). Spread p10/p90 NOT FOUND."
ai_ml_engineer,mid_level_3_to_5_yr,career,NOT FOUND,NOT FOUND,NOT FOUND,NOT FOUND,NOT FOUND,LPA,derived,Adzuna India Salary Histogram,https://api.adzuna.com/v1/api/jobs/in/histogram,2024,low,yes,NOT FOUND — Adzuna salary histogram raw JSON payloads not available to execute piecewise linear percentile interpolation. Heuristic percentiles purged.
software_developer,entry_level_0_to_2_yr,regulatory,NOT FOUND,NOT FOUND,6.73,NOT FOUND,NOT FOUND,LPA,official,NIC / NIELIT Scientist B Recruitment / 7th CPC Level 10,https://www.nielit.gov.in/,2023,high,no,"Direct official central government scientific IT officer entry pay: 7th CPC Pay Matrix Level 10 (Index 1: Basic Rs 56,100/mo = 6.73 LPA). Spread p10/p90 NOT FOUND."
software_developer,mid_level_3_to_5_yr,career,NOT FOUND,NOT FOUND,NOT FOUND,NOT FOUND,NOT FOUND,LPA,derived,Adzuna India Salary Histogram,https://api.adzuna.com/v1/api/jobs/in/histogram,2024,low,yes,NOT FOUND — Adzuna salary histogram raw JSON payloads not available to execute piecewise linear percentile interpolation. Heuristic percentiles purged.
civil_engineer,entry_level_0_to_2_yr,regulatory,NOT FOUND,NOT FOUND,6.73,NOT FOUND,NOT FOUND,LPA,official,UPSC Engineering Services Examination (ESE) 2024 / 7th CPC Level 10,https://upsc.gov.in/,2024,high,no,"Direct official central government engineering services entry pay: 7th CPC Pay Matrix Level 10 (Index 1: Basic Rs 56,100/mo = 6.73 LPA). Spread p10/p90 NOT FOUND."
civil_engineer,mid_level_3_to_5_yr,career,NOT FOUND,NOT FOUND,NOT FOUND,NOT FOUND,NOT FOUND,LPA,derived,Adzuna India Salary Histogram,https://api.adzuna.com/v1/api/jobs/in/histogram,2024,low,yes,NOT FOUND — Adzuna salary histogram raw JSON payloads not available to execute piecewise linear percentile interpolation. Heuristic percentiles purged.
doctor_mbbs,entry_level_0_to_2_yr,regulatory,NOT FOUND,NOT FOUND,8.08,NOT FOUND,NOT FOUND,LPA,official,UPSC Combined Medical Services (CMS) 2024 / 7th CPC Level 10 + NPA,https://upsc.gov.in/,2024,high,no,"Direct official central government medical officer entry pay: 7th CPC Pay Matrix Level 10 (Basic Rs 56,100/mo) + 20% Non-Practicing Allowance (Rs 11,220/mo) = Rs 67,320/mo basic emoluments (8.08 LPA). Spread p10/p90 NOT FOUND."
doctor_mbbs,mid_level_3_to_5_yr,career,NOT FOUND,NOT FOUND,NOT FOUND,NOT FOUND,NOT FOUND,LPA,derived,Adzuna India Salary Histogram,https://api.adzuna.com/v1/api/jobs/in/histogram,2024,low,yes,NOT FOUND — Adzuna salary histogram raw JSON payloads not available to execute piecewise linear percentile interpolation. Heuristic percentiles purged.
data_scientist,entry_level_0_to_2_yr,regulatory,NOT FOUND,NOT FOUND,6.73,NOT FOUND,NOT FOUND,LPA,official,DRDO RAC Scientist B (Data Science) / 7th CPC Level 10,https://rac.gov.in/,2024,high,no,"Direct official central defense/R&D data science entry pay: 7th CPC Pay Matrix Level 10 (Index 1: Basic Rs 56,100/mo = 6.73 LPA). Spread p10/p90 NOT FOUND."
data_scientist,mid_level_3_to_5_yr,career,NOT FOUND,NOT FOUND,NOT FOUND,NOT FOUND,NOT FOUND,LPA,derived,Adzuna India Salary Histogram,https://api.adzuna.com/v1/api/jobs/in/histogram,2024,low,yes,NOT FOUND — Adzuna salary histogram raw JSON payloads not available to execute piecewise linear percentile interpolation. Heuristic percentiles purged.
data_analyst,entry_level_0_to_2_yr,career,NOT FOUND,NOT FOUND,NOT FOUND,NOT FOUND,NOT FOUND,LPA,derived,Adzuna India Salary Histogram,https://api.adzuna.com/v1/api/jobs/in/histogram,2024,low,yes,NOT FOUND — Adzuna salary histogram raw JSON payloads not available to execute piecewise linear percentile interpolation. Heuristic percentiles purged.
data_analyst,mid_level_3_to_5_yr,career,NOT FOUND,NOT FOUND,NOT FOUND,NOT FOUND,NOT FOUND,LPA,derived,Adzuna India Salary Histogram,https://api.adzuna.com/v1/api/jobs/in/histogram,2024,low,yes,NOT FOUND — Adzuna salary histogram raw JSON payloads not available to execute piecewise linear percentile interpolation. Heuristic percentiles purged.
mechanical_engineer,entry_level_0_to_2_yr,career,NOT FOUND,NOT FOUND,NOT FOUND,NOT FOUND,NOT FOUND,LPA,derived,Adzuna India Salary Histogram,https://api.adzuna.com/v1/api/jobs/in/histogram,2024,low,yes,NOT FOUND — Adzuna salary histogram raw JSON payloads not available to execute piecewise linear percentile interpolation. Heuristic percentiles purged.
mechanical_engineer,mid_level_3_to_5_yr,career,NOT FOUND,NOT FOUND,NOT FOUND,NOT FOUND,NOT FOUND,LPA,derived,Adzuna India Salary Histogram,https://api.adzuna.com/v1/api/jobs/in/histogram,2024,low,yes,NOT FOUND — Adzuna salary histogram raw JSON payloads not available to execute piecewise linear percentile interpolation. Heuristic percentiles purged.
electrical_engineer,entry_level_0_to_2_yr,career,NOT FOUND,NOT FOUND,NOT FOUND,NOT FOUND,NOT FOUND,LPA,derived,Adzuna India Salary Histogram,https://api.adzuna.com/v1/api/jobs/in/histogram,2024,low,yes,NOT FOUND — Adzuna salary histogram raw JSON payloads not available to execute piecewise linear percentile interpolation. Heuristic percentiles purged.
electrical_engineer,mid_level_3_to_5_yr,career,NOT FOUND,NOT FOUND,NOT FOUND,NOT FOUND,NOT FOUND,LPA,derived,Adzuna India Salary Histogram,https://api.adzuna.com/v1/api/jobs/in/histogram,2024,low,yes,NOT FOUND — Adzuna salary histogram raw JSON payloads not available to execute piecewise linear percentile interpolation. Heuristic percentiles purged.
electronics_engineer,entry_level_0_to_2_yr,career,NOT FOUND,NOT FOUND,NOT FOUND,NOT FOUND,NOT FOUND,LPA,derived,Adzuna India Salary Histogram,https://api.adzuna.com/v1/api/jobs/in/histogram,2024,low,yes,NOT FOUND — Adzuna salary histogram raw JSON payloads not available to execute piecewise linear percentile interpolation. Heuristic percentiles purged.
electronics_engineer,mid_level_3_to_5_yr,career,NOT FOUND,NOT FOUND,NOT FOUND,NOT FOUND,NOT FOUND,LPA,derived,Adzuna India Salary Histogram,https://api.adzuna.com/v1/api/jobs/in/histogram,2024,low,yes,NOT FOUND — Adzuna salary histogram raw JSON payloads not available to execute piecewise linear percentile interpolation. Heuristic percentiles purged.
chemical_engineer,entry_level_0_to_2_yr,career,NOT FOUND,NOT FOUND,NOT FOUND,NOT FOUND,NOT FOUND,LPA,derived,Adzuna India Salary Histogram,https://api.adzuna.com/v1/api/jobs/in/histogram,2024,low,yes,NOT FOUND — Adzuna salary histogram raw JSON payloads not available to execute piecewise linear percentile interpolation. Heuristic percentiles purged.
chemical_engineer,mid_level_3_to_5_yr,career,NOT FOUND,NOT FOUND,NOT FOUND,NOT FOUND,NOT FOUND,LPA,derived,Adzuna India Salary Histogram,https://api.adzuna.com/v1/api/jobs/in/histogram,2024,low,yes,NOT FOUND — Adzuna salary histogram raw JSON payloads not available to execute piecewise linear percentile interpolation. Heuristic percentiles purged.
aerospace_engineer,entry_level_0_to_2_yr,career,NOT FOUND,NOT FOUND,NOT FOUND,NOT FOUND,NOT FOUND,LPA,derived,Adzuna India Salary Histogram,https://api.adzuna.com/v1/api/jobs/in/histogram,2024,low,yes,NOT FOUND — Adzuna salary histogram raw JSON payloads not available to execute piecewise linear percentile interpolation. Heuristic percentiles purged.
aerospace_engineer,mid_level_3_to_5_yr,career,NOT FOUND,NOT FOUND,NOT FOUND,NOT FOUND,NOT FOUND,LPA,derived,Adzuna India Salary Histogram,https://api.adzuna.com/v1/api/jobs/in/histogram,2024,low,yes,NOT FOUND — Adzuna salary histogram raw JSON payloads not available to execute piecewise linear percentile interpolation. Heuristic percentiles purged.
biomedical_engineer,entry_level_0_to_2_yr,regulatory,NOT FOUND,NOT FOUND,5.39,NOT FOUND,NOT FOUND,LPA,official,AIIMS New Delhi Biomedical Engineer Recruitment / 7th CPC Level 7,https://www.aiims.edu/,2023,high,no,"Direct official central government hospital biomedical engineer entry pay: 7th CPC Pay Matrix Level 7 (Index 1: Basic Rs 44,900/mo = 5.39 LPA). Spread p10/p90 NOT FOUND."
biomedical_engineer,mid_level_3_to_5_yr,career,NOT FOUND,NOT FOUND,NOT FOUND,NOT FOUND,NOT FOUND,LPA,derived,Adzuna India Salary Histogram,https://api.adzuna.com/v1/api/jobs/in/histogram,2024,low,yes,NOT FOUND — Adzuna salary histogram raw JSON payloads not available to execute piecewise linear percentile interpolation. Heuristic percentiles purged.
cybersecurity_analyst,entry_level_0_to_2_yr,career,NOT FOUND,NOT FOUND,NOT FOUND,NOT FOUND,NOT FOUND,LPA,derived,Adzuna India Salary Histogram,https://api.adzuna.com/v1/api/jobs/in/histogram,2024,low,yes,NOT FOUND — Adzuna salary histogram raw JSON payloads not available to execute piecewise linear percentile interpolation. Heuristic percentiles purged.
cybersecurity_analyst,mid_level_3_to_5_yr,career,NOT FOUND,NOT FOUND,NOT FOUND,NOT FOUND,NOT FOUND,LPA,derived,Adzuna India Salary Histogram,https://api.adzuna.com/v1/api/jobs/in/histogram,2024,low,yes,NOT FOUND — Adzuna salary histogram raw JSON payloads not available to execute piecewise linear percentile interpolation. Heuristic percentiles purged.
cloud_solutions_architect,entry_level_0_to_2_yr,career,NOT FOUND,NOT FOUND,NOT FOUND,NOT FOUND,NOT FOUND,LPA,derived,Adzuna India Salary Histogram,https://api.adzuna.com/v1/api/jobs/in/histogram,2024,low,yes,NOT FOUND — Adzuna salary histogram raw JSON payloads not available to execute piecewise linear percentile interpolation. Heuristic percentiles purged.
cloud_solutions_architect,mid_level_3_to_5_yr,career,NOT FOUND,NOT FOUND,NOT FOUND,NOT FOUND,NOT FOUND,LPA,derived,Adzuna India Salary Histogram,https://api.adzuna.com/v1/api/jobs/in/histogram,2024,low,yes,NOT FOUND — Adzuna salary histogram raw JSON payloads not available to execute piecewise linear percentile interpolation. Heuristic percentiles purged.
devops_engineer,entry_level_0_to_2_yr,career,NOT FOUND,NOT FOUND,NOT FOUND,NOT FOUND,NOT FOUND,LPA,derived,Adzuna India Salary Histogram,https://api.adzuna.com/v1/api/jobs/in/histogram,2024,low,yes,NOT FOUND — Adzuna salary histogram raw JSON payloads not available to execute piecewise linear percentile interpolation. Heuristic percentiles purged.
devops_engineer,mid_level_3_to_5_yr,career,NOT FOUND,NOT FOUND,NOT FOUND,NOT FOUND,NOT FOUND,LPA,derived,Adzuna India Salary Histogram,https://api.adzuna.com/v1/api/jobs/in/histogram,2024,low,yes,NOT FOUND — Adzuna salary histogram raw JSON payloads not available to execute piecewise linear percentile interpolation. Heuristic percentiles purged.
product_manager,entry_level_0_to_2_yr,career,NOT FOUND,NOT FOUND,NOT FOUND,NOT FOUND,NOT FOUND,LPA,derived,Adzuna India Salary Histogram,https://api.adzuna.com/v1/api/jobs/in/histogram,2024,low,yes,NOT FOUND — Adzuna salary histogram raw JSON payloads not available to execute piecewise linear percentile interpolation. Heuristic percentiles purged.
product_manager,mid_level_3_to_5_yr,career,NOT FOUND,NOT FOUND,NOT FOUND,NOT FOUND,NOT FOUND,LPA,derived,Adzuna India Salary Histogram,https://api.adzuna.com/v1/api/jobs/in/histogram,2024,low,yes,NOT FOUND — Adzuna salary histogram raw JSON payloads not available to execute piecewise linear percentile interpolation. Heuristic percentiles purged.
investment_banker,entry_level_0_to_2_yr,career,NOT FOUND,NOT FOUND,NOT FOUND,NOT FOUND,NOT FOUND,LPA,derived,Adzuna India Salary Histogram,https://api.adzuna.com/v1/api/jobs/in/histogram,2024,low,yes,NOT FOUND — Adzuna salary histogram raw JSON payloads not available to execute piecewise linear percentile interpolation. Heuristic percentiles purged.
investment_banker,mid_level_3_to_5_yr,career,NOT FOUND,NOT FOUND,NOT FOUND,NOT FOUND,NOT FOUND,LPA,derived,Adzuna India Salary Histogram,https://api.adzuna.com/v1/api/jobs/in/histogram,2024,low,yes,NOT FOUND — Adzuna salary histogram raw JSON payloads not available to execute piecewise linear percentile interpolation. Heuristic percentiles purged.
chartered_accountant,entry_level_0_to_2_yr,career,NOT FOUND,NOT FOUND,NOT FOUND,NOT FOUND,NOT FOUND,LPA,derived,Adzuna India Salary Histogram,https://api.adzuna.com/v1/api/jobs/in/histogram,2024,low,yes,NOT FOUND — Adzuna salary histogram raw JSON payloads not available to execute piecewise linear percentile interpolation. Heuristic percentiles purged.
chartered_accountant,mid_level_3_to_5_yr,career,NOT FOUND,NOT FOUND,NOT FOUND,NOT FOUND,NOT FOUND,LPA,derived,Adzuna India Salary Histogram,https://api.adzuna.com/v1/api/jobs/in/histogram,2024,low,yes,NOT FOUND — Adzuna salary histogram raw JSON payloads not available to execute piecewise linear percentile interpolation. Heuristic percentiles purged.
financial_analyst,entry_level_0_to_2_yr,career,NOT FOUND,NOT FOUND,NOT FOUND,NOT FOUND,NOT FOUND,LPA,derived,Adzuna India Salary Histogram,https://api.adzuna.com/v1/api/jobs/in/histogram,2024,low,yes,NOT FOUND — Adzuna salary histogram raw JSON payloads not available to execute piecewise linear percentile interpolation. Heuristic percentiles purged.
financial_analyst,mid_level_3_to_5_yr,career,NOT FOUND,NOT FOUND,NOT FOUND,NOT FOUND,NOT FOUND,LPA,derived,Adzuna India Salary Histogram,https://api.adzuna.com/v1/api/jobs/in/histogram,2024,low,yes,NOT FOUND — Adzuna salary histogram raw JSON payloads not available to execute piecewise linear percentile interpolation. Heuristic percentiles purged.
management_consultant,entry_level_0_to_2_yr,career,NOT FOUND,NOT FOUND,NOT FOUND,NOT FOUND,NOT FOUND,LPA,derived,Adzuna India Salary Histogram,https://api.adzuna.com/v1/api/jobs/in/histogram,2024,low,yes,NOT FOUND — Adzuna salary histogram raw JSON payloads not available to execute piecewise linear percentile interpolation. Heuristic percentiles purged.
management_consultant,mid_level_3_to_5_yr,career,NOT FOUND,NOT FOUND,NOT FOUND,NOT FOUND,NOT FOUND,LPA,derived,Adzuna India Salary Histogram,https://api.adzuna.com/v1/api/jobs/in/histogram,2024,low,yes,NOT FOUND — Adzuna salary histogram raw JSON payloads not available to execute piecewise linear percentile interpolation. Heuristic percentiles purged.
human_resources_specialist,entry_level_0_to_2_yr,career,NOT FOUND,NOT FOUND,NOT FOUND,NOT FOUND,NOT FOUND,LPA,derived,Adzuna India Salary Histogram,https://api.adzuna.com/v1/api/jobs/in/histogram,2024,low,yes,NOT FOUND — Adzuna salary histogram raw JSON payloads not available to execute piecewise linear percentile interpolation. Heuristic percentiles purged.
human_resources_specialist,mid_level_3_to_5_yr,career,NOT FOUND,NOT FOUND,NOT FOUND,NOT FOUND,NOT FOUND,LPA,derived,Adzuna India Salary Histogram,https://api.adzuna.com/v1/api/jobs/in/histogram,2024,low,yes,NOT FOUND — Adzuna salary histogram raw JSON payloads not available to execute piecewise linear percentile interpolation. Heuristic percentiles purged.
marketing_manager,entry_level_0_to_2_yr,career,NOT FOUND,NOT FOUND,NOT FOUND,NOT FOUND,NOT FOUND,LPA,derived,Adzuna India Salary Histogram,https://api.adzuna.com/v1/api/jobs/in/histogram,2024,low,yes,NOT FOUND — Adzuna salary histogram raw JSON payloads not available to execute piecewise linear percentile interpolation. Heuristic percentiles purged.
marketing_manager,mid_level_3_to_5_yr,career,NOT FOUND,NOT FOUND,NOT FOUND,NOT FOUND,NOT FOUND,LPA,derived,Adzuna India Salary Histogram,https://api.adzuna.com/v1/api/jobs/in/histogram,2024,low,yes,NOT FOUND — Adzuna salary histogram raw JSON payloads not available to execute piecewise linear percentile interpolation. Heuristic percentiles purged.
digital_marketing_specialist,entry_level_0_to_2_yr,career,NOT FOUND,NOT FOUND,NOT FOUND,NOT FOUND,NOT FOUND,LPA,derived,Adzuna India Salary Histogram,https://api.adzuna.com/v1/api/jobs/in/histogram,2024,low,yes,NOT FOUND — Adzuna salary histogram raw JSON payloads not available to execute piecewise linear percentile interpolation. Heuristic percentiles purged.
digital_marketing_specialist,mid_level_3_to_5_yr,career,NOT FOUND,NOT FOUND,NOT FOUND,NOT FOUND,NOT FOUND,LPA,derived,Adzuna India Salary Histogram,https://api.adzuna.com/v1/api/jobs/in/histogram,2024,low,yes,NOT FOUND — Adzuna salary histogram raw JSON payloads not available to execute piecewise linear percentile interpolation. Heuristic percentiles purged.
operations_manager,entry_level_0_to_2_yr,career,NOT FOUND,NOT FOUND,NOT FOUND,NOT FOUND,NOT FOUND,LPA,derived,Adzuna India Salary Histogram,https://api.adzuna.com/v1/api/jobs/in/histogram,2024,low,yes,NOT FOUND — Adzuna salary histogram raw JSON payloads not available to execute piecewise linear percentile interpolation. Heuristic percentiles purged.
operations_manager,mid_level_3_to_5_yr,career,NOT FOUND,NOT FOUND,NOT FOUND,NOT FOUND,NOT FOUND,LPA,derived,Adzuna India Salary Histogram,https://api.adzuna.com/v1/api/jobs/in/histogram,2024,low,yes,NOT FOUND — Adzuna salary histogram raw JSON payloads not available to execute piecewise linear percentile interpolation. Heuristic percentiles purged.
commercial_pilot,entry_level_0_to_2_yr,career,NOT FOUND,NOT FOUND,NOT FOUND,NOT FOUND,NOT FOUND,LPA,derived,Adzuna India Salary Histogram,https://api.adzuna.com/v1/api/jobs/in/histogram,2024,low,yes,NOT FOUND — Adzuna salary histogram raw JSON payloads not available to execute piecewise linear percentile interpolation. Heuristic percentiles purged.
commercial_pilot,mid_level_3_to_5_yr,career,NOT FOUND,NOT FOUND,NOT FOUND,NOT FOUND,NOT FOUND,LPA,derived,Adzuna India Salary Histogram,https://api.adzuna.com/v1/api/jobs/in/histogram,2024,low,yes,NOT FOUND — Adzuna salary histogram raw JSON payloads not available to execute piecewise linear percentile interpolation. Heuristic percentiles purged.
lawyer_corporate,entry_level_0_to_2_yr,career,NOT FOUND,NOT FOUND,NOT FOUND,NOT FOUND,NOT FOUND,LPA,derived,Adzuna India Salary Histogram,https://api.adzuna.com/v1/api/jobs/in/histogram,2024,low,yes,NOT FOUND — Adzuna salary histogram raw JSON payloads not available to execute piecewise linear percentile interpolation. Heuristic percentiles purged.
lawyer_corporate,mid_level_3_to_5_yr,career,NOT FOUND,NOT FOUND,NOT FOUND,NOT FOUND,NOT FOUND,LPA,derived,Adzuna India Salary Histogram,https://api.adzuna.com/v1/api/jobs/in/histogram,2024,low,yes,NOT FOUND — Adzuna salary histogram raw JSON payloads not available to execute piecewise linear percentile interpolation. Heuristic percentiles purged.
pharmacist,entry_level_0_to_2_yr,career,NOT FOUND,NOT FOUND,NOT FOUND,NOT FOUND,NOT FOUND,LPA,derived,Adzuna India Salary Histogram,https://api.adzuna.com/v1/api/jobs/in/histogram,2024,low,yes,NOT FOUND — Adzuna salary histogram raw JSON payloads not available to execute piecewise linear percentile interpolation. Heuristic percentiles purged.
pharmacist,mid_level_3_to_5_yr,career,NOT FOUND,NOT FOUND,NOT FOUND,NOT FOUND,NOT FOUND,LPA,derived,Adzuna India Salary Histogram,https://api.adzuna.com/v1/api/jobs/in/histogram,2024,low,yes,NOT FOUND — Adzuna salary histogram raw JSON payloads not available to execute piecewise linear percentile interpolation. Heuristic percentiles purged.
biotechnologist,entry_level_0_to_2_yr,career,NOT FOUND,NOT FOUND,NOT FOUND,NOT FOUND,NOT FOUND,LPA,derived,Adzuna India Salary Histogram,https://api.adzuna.com/v1/api/jobs/in/histogram,2024,low,yes,NOT FOUND — Adzuna salary histogram raw JSON payloads not available to execute piecewise linear percentile interpolation. Heuristic percentiles purged.
biotechnologist,mid_level_3_to_5_yr,career,NOT FOUND,NOT FOUND,NOT FOUND,NOT FOUND,NOT FOUND,LPA,derived,Adzuna India Salary Histogram,https://api.adzuna.com/v1/api/jobs/in/histogram,2024,low,yes,NOT FOUND — Adzuna salary histogram raw JSON payloads not available to execute piecewise linear percentile interpolation. Heuristic percentiles purged.
environmental_scientist,entry_level_0_to_2_yr,career,NOT FOUND,NOT FOUND,NOT FOUND,NOT FOUND,NOT FOUND,LPA,derived,Adzuna India Salary Histogram,https://api.adzuna.com/v1/api/jobs/in/histogram,2024,low,yes,NOT FOUND — Adzuna salary histogram raw JSON payloads not available to execute piecewise linear percentile interpolation. Heuristic percentiles purged.
environmental_scientist,mid_level_3_to_5_yr,career,NOT FOUND,NOT FOUND,NOT FOUND,NOT FOUND,NOT FOUND,LPA,derived,Adzuna India Salary Histogram,https://api.adzuna.com/v1/api/jobs/in/histogram,2024,low,yes,NOT FOUND — Adzuna salary histogram raw JSON payloads not available to execute piecewise linear percentile interpolation. Heuristic percentiles purged.
nursing_officer,entry_level_0_to_2_yr,career,NOT FOUND,NOT FOUND,NOT FOUND,NOT FOUND,NOT FOUND,LPA,derived,Adzuna India Salary Histogram,https://api.adzuna.com/v1/api/jobs/in/histogram,2024,low,yes,NOT FOUND — Adzuna salary histogram raw JSON payloads not available to execute piecewise linear percentile interpolation. Heuristic percentiles purged.
nursing_officer,mid_level_3_to_5_yr,career,NOT FOUND,NOT FOUND,NOT FOUND,NOT FOUND,NOT FOUND,LPA,derived,Adzuna India Salary Histogram,https://api.adzuna.com/v1/api/jobs/in/histogram,2024,low,yes,NOT FOUND — Adzuna salary histogram raw JSON payloads not available to execute piecewise linear percentile interpolation. Heuristic percentiles purged.
dentist_bds,entry_level_0_to_2_yr,career,NOT FOUND,NOT FOUND,NOT FOUND,NOT FOUND,NOT FOUND,LPA,derived,Adzuna India Salary Histogram,https://api.adzuna.com/v1/api/jobs/in/histogram,2024,low,yes,NOT FOUND — Adzuna salary histogram raw JSON payloads not available to execute piecewise linear percentile interpolation. Heuristic percentiles purged.
dentist_bds,mid_level_3_to_5_yr,career,NOT FOUND,NOT FOUND,NOT FOUND,NOT FOUND,NOT FOUND,LPA,derived,Adzuna India Salary Histogram,https://api.adzuna.com/v1/api/jobs/in/histogram,2024,low,yes,NOT FOUND — Adzuna salary histogram raw JSON payloads not available to execute piecewise linear percentile interpolation. Heuristic percentiles purged.
physiotherapist,entry_level_0_to_2_yr,career,NOT FOUND,NOT FOUND,NOT FOUND,NOT FOUND,NOT FOUND,LPA,derived,Adzuna India Salary Histogram,https://api.adzuna.com/v1/api/jobs/in/histogram,2024,low,yes,NOT FOUND — Adzuna salary histogram raw JSON payloads not available to execute piecewise linear percentile interpolation. Heuristic percentiles purged.
physiotherapist,mid_level_3_to_5_yr,career,NOT FOUND,NOT FOUND,NOT FOUND,NOT FOUND,NOT FOUND,LPA,derived,Adzuna India Salary Histogram,https://api.adzuna.com/v1/api/jobs/in/histogram,2024,low,yes,NOT FOUND — Adzuna salary histogram raw JSON payloads not available to execute piecewise linear percentile interpolation. Heuristic percentiles purged.
ux_designer,entry_level_0_to_2_yr,education,4.00,NOT FOUND,NOT FOUND,NOT FOUND,NOT FOUND,LPA,self_reported,National Institute of Design (NID) Annual Report 2021-22,https://www.nid.edu/annual-reports/2021-22.pdf,2022,high,no,"Official NID Annual Report 2021-22, Page 84: Lowest compensation package recorded in campus placements is Rs 4.00 Lakhs p.a. Batch median CTC is NOT FOUND."
ux_designer,mid_level_3_to_5_yr,career,NOT FOUND,NOT FOUND,NOT FOUND,NOT FOUND,NOT FOUND,LPA,derived,Adzuna India Salary Histogram,https://api.adzuna.com/v1/api/jobs/in/histogram,2024,low,yes,NOT FOUND — Adzuna salary histogram raw JSON payloads not available to execute piecewise linear percentile interpolation. Heuristic percentiles purged.
architect,entry_level_0_to_2_yr,career,NOT FOUND,NOT FOUND,NOT FOUND,NOT FOUND,NOT FOUND,LPA,derived,Adzuna India Salary Histogram,https://api.adzuna.com/v1/api/jobs/in/histogram,2024,low,yes,NOT FOUND — Adzuna salary histogram raw JSON payloads not available to execute piecewise linear percentile interpolation. Heuristic percentiles purged.
architect,mid_level_3_to_5_yr,career,NOT FOUND,NOT FOUND,NOT FOUND,NOT FOUND,NOT FOUND,LPA,derived,Adzuna India Salary Histogram,https://api.adzuna.com/v1/api/jobs/in/histogram,2024,low,yes,NOT FOUND — Adzuna salary histogram raw JSON payloads not available to execute piecewise linear percentile interpolation. Heuristic percentiles purged.
graphic_designer,entry_level_0_to_2_yr,regulatory,NOT FOUND,NOT FOUND,4.25,NOT FOUND,NOT FOUND,LPA,official,Ministry of Information & Broadcasting Publications Division / 7th CPC Level 6,https://publicationsdivision.nic.in/,2023,high,no,"Direct official central government graphic designer / artist recruitment pay: 7th CPC Pay Matrix Level 6 (Index 1: Basic Rs 35,400/mo = 4.25 LPA). Freelance hourly rates are NOT FOUND."
graphic_designer,mid_level_3_to_5_yr,career,NOT FOUND,NOT FOUND,NOT FOUND,NOT FOUND,NOT FOUND,LPA,derived,Adzuna India Salary Histogram,https://api.adzuna.com/v1/api/jobs/in/histogram,2024,low,yes,NOT FOUND — Adzuna salary histogram raw JSON payloads not available to execute piecewise linear percentile interpolation. Heuristic percentiles purged.
animator_vfx_artist,entry_level_0_to_2_yr,career,NOT FOUND,NOT FOUND,NOT FOUND,NOT FOUND,NOT FOUND,LPA,derived,Adzuna India Salary Histogram,https://api.adzuna.com/v1/api/jobs/in/histogram,2024,low,yes,NOT FOUND — Adzuna salary histogram raw JSON payloads not available to execute piecewise linear percentile interpolation. Heuristic percentiles purged.
animator_vfx_artist,mid_level_3_to_5_yr,career,NOT FOUND,NOT FOUND,NOT FOUND,NOT FOUND,NOT FOUND,LPA,derived,Adzuna India Salary Histogram,https://api.adzuna.com/v1/api/jobs/in/histogram,2024,low,yes,NOT FOUND — Adzuna salary histogram raw JSON payloads not available to execute piecewise linear percentile interpolation. Heuristic percentiles purged.
game_developer,entry_level_0_to_2_yr,career,NOT FOUND,NOT FOUND,NOT FOUND,NOT FOUND,NOT FOUND,LPA,derived,Adzuna India Salary Histogram,https://api.adzuna.com/v1/api/jobs/in/histogram,2024,low,yes,NOT FOUND — Adzuna salary histogram raw JSON payloads not available to execute piecewise linear percentile interpolation. Heuristic percentiles purged.
game_developer,mid_level_3_to_5_yr,career,NOT FOUND,NOT FOUND,NOT FOUND,NOT FOUND,NOT FOUND,LPA,derived,Adzuna India Salary Histogram,https://api.adzuna.com/v1/api/jobs/in/histogram,2024,low,yes,NOT FOUND — Adzuna salary histogram raw JSON payloads not available to execute piecewise linear percentile interpolation. Heuristic percentiles purged.
industrial_designer,entry_level_0_to_2_yr,regulatory,NOT FOUND,NOT FOUND,5.39,NOT FOUND,NOT FOUND,LPA,official,MSME Technology Centre Design Officer / 7th CPC Level 7,https://msme.gov.in/,2023,high,no,"Official central government design officer recruitment pay: 7th CPC Pay Matrix Level 7 (Index 1: Basic Rs 44,900/mo = 5.39 LPA). Spread p10/p90 NOT FOUND."
industrial_designer,mid_level_3_to_5_yr,career,NOT FOUND,NOT FOUND,NOT FOUND,NOT FOUND,NOT FOUND,LPA,derived,Adzuna India Salary Histogram,https://api.adzuna.com/v1/api/jobs/in/histogram,2024,low,yes,NOT FOUND — Adzuna salary histogram raw JSON payloads not available to execute piecewise linear percentile interpolation. Heuristic percentiles purged.
video_editor,entry_level_0_to_2_yr,career,NOT FOUND,NOT FOUND,NOT FOUND,NOT FOUND,NOT FOUND,LPA,derived,Adzuna India Salary Histogram,https://api.adzuna.com/v1/api/jobs/in/histogram,2024,low,yes,NOT FOUND — Adzuna salary histogram raw JSON payloads not available to execute piecewise linear percentile interpolation. Heuristic percentiles purged.
video_editor,mid_level_3_to_5_yr,career,NOT FOUND,NOT FOUND,NOT FOUND,NOT FOUND,NOT FOUND,LPA,derived,Adzuna India Salary Histogram,https://api.adzuna.com/v1/api/jobs/in/histogram,2024,low,yes,NOT FOUND — Adzuna salary histogram raw JSON payloads not available to execute piecewise linear percentile interpolation. Heuristic percentiles purged.
fashion_designer,entry_level_0_to_2_yr,career,NOT FOUND,NOT FOUND,NOT FOUND,NOT FOUND,NOT FOUND,LPA,derived,Adzuna India Salary Histogram,https://api.adzuna.com/v1/api/jobs/in/histogram,2024,low,yes,NOT FOUND — Adzuna salary histogram raw JSON payloads not available to execute piecewise linear percentile interpolation. Heuristic percentiles purged.
fashion_designer,mid_level_3_to_5_yr,career,NOT FOUND,NOT FOUND,NOT FOUND,NOT FOUND,NOT FOUND,LPA,derived,Adzuna India Salary Histogram,https://api.adzuna.com/v1/api/jobs/in/histogram,2024,low,yes,NOT FOUND — Adzuna salary histogram raw JSON payloads not available to execute piecewise linear percentile interpolation. Heuristic percentiles purged.
fine_artist,entry_level_0_to_2_yr,regulatory,NOT FOUND,NOT FOUND,4.25,NOT FOUND,NOT FOUND,LPA,official,National Gallery of Modern Art (NGMA) / 7th CPC Level 6,https://ngmaindia.gov.in/,2023,high,no,"Official central cultural institution artist entry pay: 7th CPC Pay Matrix Level 6 (Index 1: Basic Rs 35,400/mo = 4.25 LPA). Commercial art market median is NOT FOUND."
fine_artist,mid_level_3_to_5_yr,career,NOT FOUND,NOT FOUND,NOT FOUND,NOT FOUND,NOT FOUND,LPA,derived,Adzuna India Salary Histogram,https://api.adzuna.com/v1/api/jobs/in/histogram,2024,low,yes,NOT FOUND — Adzuna salary histogram raw JSON payloads not available to execute piecewise linear percentile interpolation. Heuristic percentiles purged.
video_creator,entry_level_0_to_2_yr,career,NOT FOUND,NOT FOUND,NOT FOUND,NOT FOUND,NOT FOUND,LPA,derived,Adzuna India Salary Histogram,https://api.adzuna.com/v1/api/jobs/in/histogram,2024,low,yes,NOT FOUND — Adzuna salary histogram raw JSON payloads not available to execute piecewise linear percentile interpolation. Heuristic percentiles purged.
video_creator,mid_level_3_to_5_yr,career,NOT FOUND,NOT FOUND,NOT FOUND,NOT FOUND,NOT FOUND,LPA,derived,Adzuna India Salary Histogram,https://api.adzuna.com/v1/api/jobs/in/histogram,2024,low,yes,NOT FOUND — Adzuna salary histogram raw JSON payloads not available to execute piecewise linear percentile interpolation. Heuristic percentiles purged.
streamer_esports_player,entry_level_0_to_2_yr,career,NOT FOUND,NOT FOUND,NOT FOUND,NOT FOUND,NOT FOUND,LPA,derived,Adzuna India Salary Histogram,https://api.adzuna.com/v1/api/jobs/in/histogram,2024,low,yes,NOT FOUND — Adzuna salary histogram raw JSON payloads not available to execute piecewise linear percentile interpolation. Heuristic percentiles purged.
streamer_esports_player,mid_level_3_to_5_yr,career,NOT FOUND,NOT FOUND,NOT FOUND,NOT FOUND,NOT FOUND,LPA,derived,Adzuna India Salary Histogram,https://api.adzuna.com/v1/api/jobs/in/histogram,2024,low,yes,NOT FOUND — Adzuna salary histogram raw JSON payloads not available to execute piecewise linear percentile interpolation. Heuristic percentiles purged.
independent_musician,entry_level_0_to_2_yr,career,NOT FOUND,NOT FOUND,NOT FOUND,NOT FOUND,NOT FOUND,LPA,derived,Adzuna India Salary Histogram,https://api.adzuna.com/v1/api/jobs/in/histogram,2024,low,yes,NOT FOUND — Adzuna salary histogram raw JSON payloads not available to execute piecewise linear percentile interpolation. Heuristic percentiles purged.
independent_musician,mid_level_3_to_5_yr,career,NOT FOUND,NOT FOUND,NOT FOUND,NOT FOUND,NOT FOUND,LPA,derived,Adzuna India Salary Histogram,https://api.adzuna.com/v1/api/jobs/in/histogram,2024,low,yes,NOT FOUND — Adzuna salary histogram raw JSON payloads not available to execute piecewise linear percentile interpolation. Heuristic percentiles purged.
freelance_creative,entry_level_0_to_2_yr,career,NOT FOUND,NOT FOUND,NOT FOUND,NOT FOUND,NOT FOUND,LPA,derived,Adzuna India Salary Histogram,https://api.adzuna.com/v1/api/jobs/in/histogram,2024,low,yes,NOT FOUND — Adzuna salary histogram raw JSON payloads not available to execute piecewise linear percentile interpolation. Heuristic percentiles purged.
freelance_creative,mid_level_3_to_5_yr,career,NOT FOUND,NOT FOUND,NOT FOUND,NOT FOUND,NOT FOUND,LPA,derived,Adzuna India Salary Histogram,https://api.adzuna.com/v1/api/jobs/in/histogram,2024,low,yes,NOT FOUND — Adzuna salary histogram raw JSON payloads not available to execute piecewise linear percentile interpolation. Heuristic percentiles purged.
historian,entry_level_0_to_2_yr,career,NOT FOUND,NOT FOUND,NOT FOUND,NOT FOUND,NOT FOUND,LPA,derived,Adzuna India Salary Histogram,https://api.adzuna.com/v1/api/jobs/in/histogram,2024,low,yes,NOT FOUND — Adzuna salary histogram raw JSON payloads not available to execute piecewise linear percentile interpolation. Heuristic percentiles purged.
historian,mid_level_3_to_5_yr,career,NOT FOUND,NOT FOUND,NOT FOUND,NOT FOUND,NOT FOUND,LPA,derived,Adzuna India Salary Histogram,https://api.adzuna.com/v1/api/jobs/in/histogram,2024,low,yes,NOT FOUND — Adzuna salary histogram raw JSON payloads not available to execute piecewise linear percentile interpolation. Heuristic percentiles purged.
archaeologist,entry_level_0_to_2_yr,career,NOT FOUND,NOT FOUND,NOT FOUND,NOT FOUND,NOT FOUND,LPA,derived,Adzuna India Salary Histogram,https://api.adzuna.com/v1/api/jobs/in/histogram,2024,low,yes,NOT FOUND — Adzuna salary histogram raw JSON payloads not available to execute piecewise linear percentile interpolation. Heuristic percentiles purged.
archaeologist,mid_level_3_to_5_yr,career,NOT FOUND,NOT FOUND,NOT FOUND,NOT FOUND,NOT FOUND,LPA,derived,Adzuna India Salary Histogram,https://api.adzuna.com/v1/api/jobs/in/histogram,2024,low,yes,NOT FOUND — Adzuna salary histogram raw JSON payloads not available to execute piecewise linear percentile interpolation. Heuristic percentiles purged.
geographer,entry_level_0_to_2_yr,career,NOT FOUND,NOT FOUND,NOT FOUND,NOT FOUND,NOT FOUND,LPA,derived,Adzuna India Salary Histogram,https://api.adzuna.com/v1/api/jobs/in/histogram,2024,low,yes,NOT FOUND — Adzuna salary histogram raw JSON payloads not available to execute piecewise linear percentile interpolation. Heuristic percentiles purged.
geographer,mid_level_3_to_5_yr,career,NOT FOUND,NOT FOUND,NOT FOUND,NOT FOUND,NOT FOUND,LPA,derived,Adzuna India Salary Histogram,https://api.adzuna.com/v1/api/jobs/in/histogram,2024,low,yes,NOT FOUND — Adzuna salary histogram raw JSON payloads not available to execute piecewise linear percentile interpolation. Heuristic percentiles purged.
gis_analyst,entry_level_0_to_2_yr,career,NOT FOUND,NOT FOUND,NOT FOUND,NOT FOUND,NOT FOUND,LPA,derived,Adzuna India Salary Histogram,https://api.adzuna.com/v1/api/jobs/in/histogram,2024,low,yes,NOT FOUND — Adzuna salary histogram raw JSON payloads not available to execute piecewise linear percentile interpolation. Heuristic percentiles purged.
gis_analyst,mid_level_3_to_5_yr,career,NOT FOUND,NOT FOUND,NOT FOUND,NOT FOUND,NOT FOUND,LPA,derived,Adzuna India Salary Histogram,https://api.adzuna.com/v1/api/jobs/in/histogram,2024,low,yes,NOT FOUND — Adzuna salary histogram raw JSON payloads not available to execute piecewise linear percentile interpolation. Heuristic percentiles purged.
linguist,entry_level_0_to_2_yr,career,NOT FOUND,NOT FOUND,NOT FOUND,NOT FOUND,NOT FOUND,LPA,derived,Adzuna India Salary Histogram,https://api.adzuna.com/v1/api/jobs/in/histogram,2024,low,yes,NOT FOUND — Adzuna salary histogram raw JSON payloads not available to execute piecewise linear percentile interpolation. Heuristic percentiles purged.
linguist,mid_level_3_to_5_yr,career,NOT FOUND,NOT FOUND,NOT FOUND,NOT FOUND,NOT FOUND,LPA,derived,Adzuna India Salary Histogram,https://api.adzuna.com/v1/api/jobs/in/histogram,2024,low,yes,NOT FOUND — Adzuna salary histogram raw JSON payloads not available to execute piecewise linear percentile interpolation. Heuristic percentiles purged.
translator_interpreter,entry_level_0_to_2_yr,career,NOT FOUND,NOT FOUND,NOT FOUND,NOT FOUND,NOT FOUND,LPA,derived,Adzuna India Salary Histogram,https://api.adzuna.com/v1/api/jobs/in/histogram,2024,low,yes,NOT FOUND — Adzuna salary histogram raw JSON payloads not available to execute piecewise linear percentile interpolation. Heuristic percentiles purged.
translator_interpreter,mid_level_3_to_5_yr,career,NOT FOUND,NOT FOUND,NOT FOUND,NOT FOUND,NOT FOUND,LPA,derived,Adzuna India Salary Histogram,https://api.adzuna.com/v1/api/jobs/in/histogram,2024,low,yes,NOT FOUND — Adzuna salary histogram raw JSON payloads not available to execute piecewise linear percentile interpolation. Heuristic percentiles purged.
political_scientist,entry_level_0_to_2_yr,career,NOT FOUND,NOT FOUND,NOT FOUND,NOT FOUND,NOT FOUND,LPA,derived,Adzuna India Salary Histogram,https://api.adzuna.com/v1/api/jobs/in/histogram,2024,low,yes,NOT FOUND — Adzuna salary histogram raw JSON payloads not available to execute piecewise linear percentile interpolation. Heuristic percentiles purged.
political_scientist,mid_level_3_to_5_yr,career,NOT FOUND,NOT FOUND,NOT FOUND,NOT FOUND,NOT FOUND,LPA,derived,Adzuna India Salary Histogram,https://api.adzuna.com/v1/api/jobs/in/histogram,2024,low,yes,NOT FOUND — Adzuna salary histogram raw JSON payloads not available to execute piecewise linear percentile interpolation. Heuristic percentiles purged.
international_relations_specialist,entry_level_0_to_2_yr,career,NOT FOUND,NOT FOUND,NOT FOUND,NOT FOUND,NOT FOUND,LPA,derived,Adzuna India Salary Histogram,https://api.adzuna.com/v1/api/jobs/in/histogram,2024,low,yes,NOT FOUND — Adzuna salary histogram raw JSON payloads not available to execute piecewise linear percentile interpolation. Heuristic percentiles purged.
international_relations_specialist,mid_level_3_to_5_yr,career,NOT FOUND,NOT FOUND,NOT FOUND,NOT FOUND,NOT FOUND,LPA,derived,Adzuna India Salary Histogram,https://api.adzuna.com/v1/api/jobs/in/histogram,2024,low,yes,NOT FOUND — Adzuna salary histogram raw JSON payloads not available to execute piecewise linear percentile interpolation. Heuristic percentiles purged.
economist,entry_level_0_to_2_yr,career,NOT FOUND,NOT FOUND,NOT FOUND,NOT FOUND,NOT FOUND,LPA,derived,Adzuna India Salary Histogram,https://api.adzuna.com/v1/api/jobs/in/histogram,2024,low,yes,NOT FOUND — Adzuna salary histogram raw JSON payloads not available to execute piecewise linear percentile interpolation. Heuristic percentiles purged.
economist,mid_level_3_to_5_yr,career,NOT FOUND,NOT FOUND,NOT FOUND,NOT FOUND,NOT FOUND,LPA,derived,Adzuna India Salary Histogram,https://api.adzuna.com/v1/api/jobs/in/histogram,2024,low,yes,NOT FOUND — Adzuna salary histogram raw JSON payloads not available to execute piecewise linear percentile interpolation. Heuristic percentiles purged.
journalist,entry_level_0_to_2_yr,career,NOT FOUND,NOT FOUND,NOT FOUND,NOT FOUND,NOT FOUND,LPA,derived,Adzuna India Salary Histogram,https://api.adzuna.com/v1/api/jobs/in/histogram,2024,low,yes,NOT FOUND — Adzuna salary histogram raw JSON payloads not available to execute piecewise linear percentile interpolation. Heuristic percentiles purged.
journalist,mid_level_3_to_5_yr,career,NOT FOUND,NOT FOUND,NOT FOUND,NOT FOUND,NOT FOUND,LPA,derived,Adzuna India Salary Histogram,https://api.adzuna.com/v1/api/jobs/in/histogram,2024,low,yes,NOT FOUND — Adzuna salary histogram raw JSON payloads not available to execute piecewise linear percentile interpolation. Heuristic percentiles purged.
doctor_mbbs,entry_level_0_to_2_yr,education,NOT FOUND,NOT FOUND,18.00,NOT FOUND,NOT FOUND,LPA,self_reported,NIRF 2024 DCS AIIMS New Delhi Medical (IR-M-I-1074.pdf),https://www.nirfindia.org/2024/Declaration/Agreement/DCS/IR-M-I-1074.pdf,2024,high,no,"NIRF 2024 Medical DCS Table 1, Page 2: UG 5-Year MBBS graduating cohort median salary Rs 18,00,000 p.a. (18.0 LPA). Graduated: 102, Placed: 24, Higher Studies: 76. Spread p10/p90 NOT FOUND."
software_developer,entry_level_0_to_2_yr,education,NOT FOUND,NOT FOUND,17.00,NOT FOUND,NOT FOUND,LPA,self_reported,NIRF 2024 DCS IIT Madras Engineering (IR-E-U-0456.pdf),https://www.nirfindia.org/2024/Declaration/Agreement/DCS/IR-E-U-0456.pdf,2024,high,no,"NIRF 2024 Engineering DCS Table 1, Page 2: UG 4-Year B.Tech graduating cohort median salary Rs 17,00,000 p.a. (17.0 LPA). Graduated: 890, Placed: 670, Higher Studies: 180. Spread p10/p90 NOT FOUND."
civil_engineer,entry_level_0_to_2_yr,education,NOT FOUND,NOT FOUND,18.50,NOT FOUND,NOT FOUND,LPA,self_reported,NIRF 2024 DCS IIT Bombay Engineering (IR-E-U-0306.pdf),https://www.nirfindia.org/2024/Declaration/Agreement/DCS/IR-E-U-0306.pdf,2024,high,no,"NIRF 2024 Engineering DCS Table 1, Page 2: UG 4-Year B.Tech graduating cohort median salary Rs 18,50,000 p.a. (18.5 LPA). Graduated: 1095, Placed: 840, Higher Studies: 210. Spread p10/p90 NOT FOUND."
biomedical_engineer,entry_level_0_to_2_yr,education,NOT FOUND,NOT FOUND,7.00,NOT FOUND,NOT FOUND,LPA,self_reported,NIRF 2024 DCS Anna University Engineering (IR-E-U-0439.pdf),https://www.nirfindia.org/2024/Declaration/Agreement/DCS/IR-E-U-0439.pdf,2024,high,no,"NIRF 2024 Engineering DCS Table 1, Page 2: UG 4-Year graduating cohort median salary Rs 7,00,000 p.a. (7.0 LPA). Graduated: 1680, Placed: 1210. Spread p10/p90 NOT FOUND."
ux_designer,entry_level_0_to_2_yr,education,NOT FOUND,NOT FOUND,18.50,NOT FOUND,NOT FOUND,LPA,self_reported,NIRF 2024 DCS IIT Bombay Design Cohort (IR-O-U-0306.pdf),https://www.nirfindia.org/2024/Declaration/Agreement/DCS/IR-O-U-0306.pdf,2024,high,no,"NIRF 2024 Overall DCS Page 2: IIT Bombay UG 4-Year B.Des (IDC) graduating cohort median salary Rs 18,50,000 p.a. (18.5 LPA). Spread p10/p90 NOT FOUND."
mechanical_engineer,entry_level_0_to_2_yr,regulatory,NOT FOUND,NOT FOUND,6.73,NOT FOUND,NOT FOUND,LPA,official,UPSC Engineering Services Examination (ESE) 2024 / 7th CPC Level 10,https://upsc.gov.in/,2024,high,no,"Direct official central government engineering services entry pay: 7th CPC Pay Matrix Level 10 (Index 1: Basic Rs 56,100/mo = 6.73 LPA). Spread p10/p90 NOT FOUND."
electrical_engineer,entry_level_0_to_2_yr,regulatory,NOT FOUND,NOT FOUND,6.73,NOT FOUND,NOT FOUND,LPA,official,UPSC Engineering Services Examination (ESE) 2024 / 7th CPC Level 10,https://upsc.gov.in/,2024,high,no,"Direct official central government power engineering services entry pay: 7th CPC Pay Matrix Level 10 (Index 1: Basic Rs 56,100/mo = 6.73 LPA). Spread p10/p90 NOT FOUND."
chemical_engineer,entry_level_0_to_2_yr,regulatory,NOT FOUND,NOT FOUND,6.73,NOT FOUND,NOT FOUND,LPA,official,BARC OCES 2024 Scientific Officer C / 7th CPC Level 10,https://www.barc.gov.in/,2024,high,no,"Direct official central government scientific officer chemical entry pay: 7th CPC Pay Matrix Level 10 (Index 1: Basic Rs 56,100/mo = 6.73 LPA). Spread p10/p90 NOT FOUND."
cybersecurity_analyst,entry_level_0_to_2_yr,regulatory,NOT FOUND,NOT FOUND,6.73,NOT FOUND,NOT FOUND,LPA,official,MeitY / NIELIT Scientist B Recruitment / 7th CPC Level 10,https://www.nielit.gov.in/,2023,high,no,"Direct official central government cybersecurity / IT officer entry pay: 7th CPC Pay Matrix Level 10 (Index 1: Basic Rs 56,100/mo = 6.73 LPA). Spread p10/p90 NOT FOUND."
nursing_officer,entry_level_0_to_2_yr,regulatory,NOT FOUND,NOT FOUND,5.39,NOT FOUND,NOT FOUND,LPA,official,AIIMS NORCET-7 2024 Nursing Officer / 7th CPC Level 7,https://norcet7.aiimsexams.ac.in/,2024,high,no,"Direct official central government hospital nursing officer entry pay: 7th CPC Pay Matrix Level 7 (Index 1: Basic Rs 44,900/mo = 5.39 LPA). Spread p10/p90 NOT FOUND."
data_analyst,entry_level_0_to_2_yr,regulatory,NOT FOUND,NOT FOUND,4.25,NOT FOUND,NOT FOUND,LPA,official,SSC CGL 2024 Junior Statistical Officer (JSO) / 7th CPC Level 6,https://ssc.gov.in/,2024,high,no,"Direct official central subordinate statistical service entry pay: 7th CPC Pay Matrix Level 6 (Index 1: Basic Rs 35,400/mo = 4.25 LPA). Spread p10/p90 NOT FOUND."
chartered_accountant,entry_level_0_to_2_yr,regulatory,NOT FOUND,NOT FOUND,6.00,NOT FOUND,NOT FOUND,LPA,official,PSU Executive Trainee Finance (CA Qualified) / Grade E-2,https://iocl.com/,2024,high,no,"Direct official public sector enterprise entry pay: Grade E-2 (Index 1: Basic Rs 50,000/mo = 6.00 LPA). Spread p10/p90 NOT FOUND."
lawyer_corporate,entry_level_0_to_2_yr,regulatory,NOT FOUND,NOT FOUND,6.00,NOT FOUND,NOT FOUND,LPA,official,PSU Law Officer Recruitment (via CLAT PG) / Grade E-2,https://iocl.com/,2024,high,no,"Direct official public sector commercial law officer entry pay: Grade E-2 (Index 1: Basic Rs 50,000/mo = 6.00 LPA). Spread p10/p90 NOT FOUND."
