file_name,key_identifier,metric_name,extracted_value,source_name,exact_source_url_or_doc,page_or_section_reference,verification_status,notes
market_signals.csv,SIG_WEF_001,Global Net Job Creation (2025-2030),170 Million Jobs,World Economic Forum Future of Jobs Report 2025,https://www.weforum.org/reports/the-future-of-jobs-report-2025/,"Chapter 2, Page 28",VERIFIED_OFFICIAL_TEXT,Class A: Directly published headline projection.
market_signals.csv,SIG_MOSPI_001,National Unemployment Rate (Usual Status),3.2 %,MoSPI PLFS Annual Report 2023-2024,https://www.mospi.gov.in/,"Statement 1, Page 45",VERIFIED_OFFICIAL_GOVT,Class A: Official national unemployment rate for age 15+ years.
market_signals.csv,SIG_YT_001,YouTube Ecosystem GDP Contribution,18000 INR Crore,Oxford Economics YouTube Economic Impact Report,https://www.oxfordeconomics.com/,"Executive Summary, Page 4",VERIFIED_PUBLISHED_REPORT,Class A: Quantified GDP contribution in published report.
jobspeak_monthly.csv,2024-12 / National,Hiring Index Value & YoY %,2680 index (+10.1% YoY),Naukri JobSpeak December 2024,https://www.infoedge.in/naukri-jobspeak/,"Monthly Release PDF, Page 2",VERIFIED_OFFICIAL_REPORT,Class A: Directly published index and YoY change.
college_outcomes.csv,iit_madras / 2022-23,UG 4-Year Median Salary,1700000 INR,NIRF 2024 DCS IIT Madras Engineering,https://www.nirfindia.org/2024/Declaration/Agreement/DCS/IR-E-U-0456.pdf,"Placement & Higher Studies, Table 1, Page 2",VERIFIED_OFFICIAL_DCS,Class A: Self-reported median salary in NIRF DCS.
cutoffs.csv,IIT Bombay / CSE / JoSAA 2024,Closing Rank Round 5 (OPEN CRL),68,JoSAA Official Counselling Portal,https://josaa.admissions.nic.in/applicant/seatallotmentresult/currentorcr.aspx,Round 5 Opening and Closing Ranks,VERIFIED_OFFICIAL_PORTAL,Class A: JEE Advanced CRL closing rank.
cutoffs.csv,AIIMS New Delhi / MBBS / NEET UG 2024,Closing Rank Round 1 (OPEN AIQ),47,Medical Counselling Committee (MCC),https://mcc.nic.in/,Round 1 Seat Allotment Result 2024,VERIFIED_OFFICIAL_PORTAL,Class A: NEET UG Open Merit closing rank.
fees.csv,iit_bombay / B.Tech / 2024-25,Annual Tuition Fee,200000 INR,IIT Bombay Academic Fee Structure,https://www.iitb.ac.in/newacadhome/toFeeStructure.jsp,Notification Section A,VERIFIED_OFFICIAL_CIRCULAR,"Class A: General/OBC category annual tuition (Rs 1,00,000/sem)."
arts_design_media_metrics.csv,architect / registered_architects,Registered Architects Count,150052,Council of Architecture (COA),https://www.coa.gov.in/,"Registration Statistics, Table 1",VERIFIED_STATUTORY_REGISTER,"Class A: Official statutory register as of October 1, 2026."
arts_design_media_metrics.csv,architect / placement_rate,B.Arch Placement Rate,78.9 %,NIRF 2024 Architecture DCS IIT Roorkee,https://www.nirfindia.org/2024/Declaration/Agreement/DCS/IR-A-U-0500.pdf,"Placement & Higher Studies, Page 2",VERIFIED_CLASS_B_DERIVATION,Class B: Derived as 30 placed / 38 graduated * 100 = 78.9%.
route_costs.csv,software_developer / route_sw_ju,Annual Tuition Fee,2400 INR,Jadavpur University,http://www.jaduniv.edu.in/upload_files/admission_data/,"Page 3, Fee Table",VERIFIED_OFFICIAL_CIRCULAR,Class A: Official annual FET tuition Rs 2,400 confirmed.
route_costs.csv,software_developer / route_sw_ceg,Annual Tuition Fee,20000 INR,Anna University,https://www.annauniv.edu/drc/fees.php,"Page 1, Table 1",VERIFIED_OFFICIAL_CIRCULAR,Class A: Regular non-autonomous B.E. tuition Rs 20,000/yr confirmed.
route_costs.csv,data_analyst / route_da_du,Annual Tuition Fee,16000 INR,University of Delhi,https://admission.uod.ac.in/,"Section 3, Program Specific Eligibility",VERIFIED_OFFICIAL_BULLETIN,Class A: B.Sc (Hons) Statistics average annual tuition Rs 16,000 confirmed.
route_costs.csv,cybersecurity_analyst / route_cyber_nfsu,Semester Tuition Fee,65000 INR,NFSU Gandhinagar,https://beta.nfsu.ac.in/,"School of Cyber Security, Page 22",VERIFIED_OFFICIAL_PROSPECTUS,Class A: B.Tech-M.Tech Cyber Security Rs 65,000/semester confirmed.
route_costs.csv,mechanical_engineer / route_mech_cpt,Annual Tuition Fee,2500 INR,Central Polytechnic College Chennai,http://www.cptchennai.ac.in/,"DOTE Fee Schedule, Page 2",VERIFIED_OFFICIAL_NOTIFICATION,Class A: Tamil Nadu DOTE polytechnic annual tuition Rs 2,500 confirmed.
route_costs.csv,data_scientist / route_ds_isi,Tuition Fee,0 INR,Indian Statistical Institute,https://www.isical.ac.in/admission,"Section 1, Page 4",VERIFIED_OFFICIAL_PROSPECTUS,Class A: Directly published 'There are no tuition fees charged by the Institute'.
route_costs.csv,chartered_accountant / route_ca_icai,Foundation Registration Fee,9000 INR,ICAI,https://www.icai.org/,"New Scheme Fee Structure, Page 8",VERIFIED_OFFICIAL_PORTAL,Class A: Official ICAI New Scheme Foundation fee Rs 9,000 confirmed.
route_costs.csv,nursing_officer / route_nurse_aiims,Total Course Tuition,600 INR,AIIMS New Delhi,https://aiimsexams.ac.in/,"Section 9 Fees, Page 18",VERIFIED_OFFICIAL_PROSPECTUS,Class A: B.Sc (Hons) Nursing 4-year tuition Rs 600 (Rs 150/yr) confirmed.
route_costs.csv,lawyer_corporate / route_law_glc,Annual Tuition Fee,6000 INR,Government Law College Mumbai,https://www.glcmumbai.com/,"Chapter 4, Page 14",VERIFIED_OFFICIAL_PROSPECTUS,Class A: Aided division annual tuition Rs 6,000 confirmed.
salary_bands.csv,mechanical_engineer / entry_level_0_to_2_yr,Entry Pay (p50),6.73 LPA,UPSC ESE 2024 / 7th CPC Level 10,https://upsc.gov.in/,"Exam Notice 01/2024-ENGG, Section 4",VERIFIED_OFFICIAL_GAZETTE,Class A: 7th CPC Pay Matrix Level 10 basic pay Rs 56,100/mo = 6.73 LPA confirmed.
